id,name,cnpj,address
1,Flashspan,4015229517,53 Prentice Center
2,Thoughtmix,6679412498,0602 Rusk Crossing
3,Roomm,6406100425,6333 Esker Pass
4,Vitz,8759878894,85 Rockefeller Circle
5,Voonyx,3355771902,724 Kim Parkway
6,Zoovu,8739062074,1 Waywood Circle
7,LiveZ,8853801891,34445 6th Terrace
8,Livetube,6150836908,13 Steensland Street
9,Tavu,9968929077,425 Stuart Parkway
10,Aibox,0923358528,0909 Rowland Center
11,Oyoloo,6704921257,24 Oak Valley Point
12,Meeveo,2871757348,95 Kipling Parkway
13,Muxo,4661109414,5100 Hoepker Avenue
14,Flashdog,8733114730,834 Algoma Lane
15,Zoomdog,7537411859,6938 Boyd Hill
16,Geba,3220789676,18 Division Trail
17,Devbug,6095401909,62 Roth Plaza
18,Yodoo,1338348051,17915 Gulseth Court
19,Divape,0883137674,81 Nancy Alley
20,Flashspan,8510296448,728 Union Plaza
21,Jabberbean,6566877673,7 Myrtle Drive
22,Skivee,7737838171,8042 Northland Road
23,Yodo,9347021814,03569 Iowa Point
24,Aivee,8044294678,21172 Sutherland Center
25,Pixope,2365082297,82 Kedzie Alley
26,Skimia,2331890781,0425 Burning Wood Point
27,Voolia,7544600203,01 Reindahl Avenue
28,Thoughtbridge,7754862581,586 Dwight Street
29,Meezzy,3598052073,9945 Fair Oaks Plaza
30,Gabtype,1375857517,178 Aberg Street
31,Realbridge,4150142769,7 Elmside Circle
32,Rhynyx,2241896896,7369 Green Ridge Lane
33,Thoughtstorm,6693928536,62957 Farwell Circle
34,Twitterbridge,2445278791,81 Morrow Parkway
35,Vidoo,7450594943,32 Karstens Trail
36,Photobug,0831604964,7 Michigan Pass
37,Lazz,1282276298,458 Cherokee Place
38,Roomm,4783656444,05 Canary Trail
39,Shufflebeat,4485533115,052 Novick Crossing
40,Jaloo,0106327461,6 Karstens Park
41,Dabfeed,6250761764,0069 Montana Parkway
42,Twitterbeat,1027621929,650 David Drive
43,Vimbo,5504866154,3441 Bartillon Parkway
44,Trilith,8335653097,9840 Sullivan Drive
45,Oyoyo,8941161762,4284 Twin Pines Crossing
46,Zoombox,8297863468,31888 Carioca Pass
47,Tekfly,7988835416,633 Spaight Alley
48,Camimbo,9552421217,4651 Muir Crossing
49,Einti,9020782517,88605 Golf View Trail
50,Zoombeat,3476939251,150 Summit Pass
51,Centizu,9489264768,33269 Marquette Circle
52,Demizz,9183752307,5 Heffernan Terrace
53,Mybuzz,9274761902,90524 Lighthouse Bay Terrace
54,Quire,6927011773,306 Gerald Trail
55,Jayo,4902503549,2 Gulseth Road
56,Brightbean,3385553121,46127 East Center
57,Voonte,4474662016,9 Forest Center
58,Gabspot,8473701356,18622 Anniversary Court
59,Dablist,5354193249,40 Sundown Trail
60,Kanoodle,3896266101,29707 Gerald Parkway
61,Leenti,5580213387,2 Ryan Park
62,Katz,7888073247,23 Monument Drive
63,DabZ,6443967968,5 Shelley Avenue
64,Feedspan,9618597644,2 Stephen Pass
65,Twinte,1602077088,0004 Graedel Circle
66,Quatz,3735344208,19 Columbus Circle
67,Eazzy,1544124198,3 Lerdahl Avenue
68,Photobug,4772743561,9669 Becker Plaza
69,Leenti,9973945565,60 Kennedy Court
70,Realfire,8950125811,61734 Mesta Center
71,Quinu,6543526610,700 Heffernan Center
72,Zazio,8000426390,364 Rutledge Hill
73,Eadel,3923943059,47195 Southridge Alley
74,Tazz,8878580031,8922 Lindbergh Court
75,Mybuzz,9925345286,4312 Rieder Road
76,Kazu,3290949532,89 Marcy Place
77,Topiclounge,4087807142,27441 Fallview Lane
78,Realcube,2338911105,299 Ludington Crossing
79,Browsecat,8596590498,36093 Kipling Terrace
80,Avaveo,4405777896,53873 Gateway Way
81,Jamia,4151367306,84840 Onsgard Parkway
82,Livefish,4157694759,2351 Becker Drive
83,Livetube,8638870248,2673 North Parkway
84,Feedfish,1552651843,840 Sloan Plaza
85,Twimm,1153975114,69871 Bashford Circle
86,Babbleopia,0921906242,3 Tony Circle
87,Cogilith,0138573840,7296 Mcguire Drive
88,Buzzster,7054201396,3 Sauthoff Lane
89,Topicstorm,7578135031,080 Summit Plaza
90,Leexo,5894919371,5999 Knutson Plaza
91,Eimbee,4460365693,7303 Dexter Junction
92,Vimbo,0061242047,2349 Jay Plaza
93,Yombu,5878083825,4284 Stoughton Pass
94,Flashpoint,4753530000,31951 Victoria Circle
95,DabZ,0623659794,23657 Grasskamp Park
96,Bubblebox,3745557794,3 Cherokee Point
97,InnoZ,0810227436,6473 Ilene Junction
98,Centidel,0446534560,00968 Eastwood Place
99,Shufflester,0135998999,448 Arizona Way
100,Jabbersphere,5042214909,674 Stang Lane
101,Quire,7950287411,1 Burning Wood Junction
102,Kwideo,2579815708,975 Crowley Court
103,Tazz,5387885352,9 Corscot Parkway
104,Yombu,0951530011,47150 Green Parkway
105,Meezzy,7889402244,48 Spohn Lane
106,Blogtags,5811391196,3957 Dixon Avenue
107,Edgeblab,2803063719,51 Hallows Place
108,Realblab,6084073670,2 Bowman Road
109,Geba,2417886782,00 Mockingbird Parkway
110,Zoomlounge,2581857692,1 Esker Court
111,Youfeed,1991198280,70 High Crossing Trail
112,Feedbug,4694301802,11428 Sullivan Avenue
113,Chatterpoint,3802381483,5 Nevada Junction
114,Skimia,4908376336,60938 Oxford Pass
115,Omba,3622702389,5 Tomscot Parkway
116,Midel,5005896228,1 Lakeland Way
117,Mita,9848137300,4096 Melody Crossing
118,Yakidoo,2354144334,7 Shopko Park
119,Yoveo,5586704269,735 Everett Junction
120,Cogidoo,3958661912,21948 Cardinal Place
121,Twitterbridge,2623754829,166 Haas Way
122,Kwilith,1823006590,4165 Paget Hill
123,Meeveo,5531575904,92 Maple Wood Terrace
124,Gabtune,9223339251,19897 Redwing Lane
125,Realbuzz,8178005476,09 Karstens Center
126,Tazzy,4928937015,155 Cottonwood Street
127,Centimia,7976525018,485 Alpine Crossing
128,Thoughtbridge,0344129128,626 Northfield Crossing
129,Jetwire,0468781595,57978 Hoepker Street
130,Dynava,2812902744,13971 Lakewood Gardens Hill
131,Vinder,0454768109,3992 Carioca Plaza
132,Riffwire,8272170493,8 Independence Court
133,Teklist,3653861705,4545 Shopko Trail
134,Eayo,9209153642,39 Lighthouse Bay Trail
135,Edgewire,6626559516,17096 Comanche Way
136,Ntag,8789152247,6 West Court
137,Agimba,8906913923,7429 Hermina Place
138,Abata,1869274857,88 1st Trail
139,Digitube,3802430581,47 Larry Terrace
140,Quaxo,3699594211,0278 Farwell Parkway
141,Aimbu,9296921309,419 Spaight Avenue
142,Bubbletube,8557177038,74 Aberg Center
143,Thoughtmix,9665204653,2 Memorial Plaza
144,Pixoboo,1708241108,0207 Sunnyside Road
145,Realfire,2535005778,1 Coleman Alley
146,Yacero,0134582292,42 Lerdahl Avenue
147,Yombu,7703245704,774 Miller Trail
148,Twinte,3121231006,55875 Prairieview Crossing
149,Zoomlounge,6168381368,65 Scott Court
150,Bluezoom,2733510746,64 Knutson Point
151,Jayo,5735866885,997 Coleman Road
152,Kamba,3254488148,611 Larry Parkway
153,Edgeify,2072411645,2 Oriole Trail
154,Meevee,8499134602,57997 Union Alley
155,Topicstorm,5761173360,24 Caliangt Street
156,Riffpath,9616030078,364 3rd Park
157,Yodoo,7764906840,7 Quincy Drive
158,Avamm,0431119988,85 Fairview Trail
159,Realfire,2714276423,2667 Texas Pass
160,Yakidoo,2736883799,95905 Lawn Court
161,Mita,1611928893,5552 Bluestem Lane
162,Kwideo,1168200628,4002 Gateway Place
163,Zoomcast,0872937666,34 Onsgard Park
164,Abata,4361828792,409 Ilene Circle
165,Divanoodle,3252587041,250 Mendota Parkway
166,Kwideo,0573601739,770 Bobwhite Lane
167,Agivu,8108597501,9518 Hermina Street
168,Eire,9840457403,2 Hagan Hill
169,Linktype,6825660543,29479 Independence Plaza
170,Yodel,7242125278,996 Troy Crossing
171,Wikido,9887112526,307 Commercial Avenue
172,Innojam,5473157718,56721 David Point
173,Skyba,7132135147,00 Vera Place
174,Trupe,1687766924,85974 Dryden Street
175,Fivebridge,8791809673,1 Parkside Point
176,Skalith,5924234827,1840 Sunbrook Point
177,Topicshots,2645689590,01924 Everett Road
178,Kazio,0728936607,3291 Dryden Court
179,Linkbridge,4109171342,576 Cambridge Place
180,Skibox,1253982953,02 Chive Court
181,Twiyo,5880006700,1 Anzinger Road
182,Katz,6249694951,69 Arapahoe Hill
183,Browsecat,3755473941,5 Cascade Avenue
184,Edgeify,2051657068,5913 Red Cloud Point
185,Devbug,2122023783,797 Menomonie Drive
186,Buzzdog,7055818826,6179 Kingsford Pass
187,Roombo,9578478933,93 Arkansas Trail
188,Jabbertype,6382950939,99354 Dryden Plaza
189,Jatri,5476712119,3960 Meadow Ridge Junction
190,Thoughtblab,2552749658,925 Hollow Ridge Way
191,Jabberbean,0836188845,1877 Merchant Trail
192,Babbleset,3314972946,507 Maywood Point
193,Skivee,6020648958,141 Messerschmidt Trail
194,Kayveo,7560411037,33372 Stephen Crossing
195,Jetpulse,5498425899,055 Dennis Avenue
196,Browseblab,2530937419,5017 2nd Street
197,Babbleopia,7059814620,97 Fallview Court
198,Rhyloo,1630228060,8534 Twin Pines Lane
199,Skipstorm,6177576885,810 Fieldstone Road
200,Blogtags,7885563383,36873 Jana Park
201,Rooxo,0280859074,30507 Mccormick Pass
202,Dabfeed,1581155220,000 Fulton Way
203,Ainyx,5949374649,173 Alpine Terrace
204,Jaxbean,5310166246,85 Hudson Hill
205,Devshare,4028711568,828 Thierer Alley
206,Tagpad,4068925011,2231 Bobwhite Parkway
207,Tazzy,1475566735,36897 Springview Way
208,Oloo,5003569297,74 Chinook Way
209,DabZ,8782246297,49311 Grayhawk Alley
210,Tagcat,0394399285,0 Toban Hill
211,Rhycero,0257466339,64792 Veith Drive
212,Jaxworks,5213552943,3317 Atwood Avenue
213,Roodel,4506383869,1 Center Park
214,Topiczoom,5046163675,26 Dwight Parkway
215,Tagcat,7570497066,9 Graceland Place
216,Skilith,9436634064,5795 Cottonwood Parkway
217,Feedbug,6466369692,5280 Miller Pass
218,Oloo,8033845201,45 Dryden Place
219,Twinte,2284375006,08 Anderson Road
220,Thoughtstorm,4715723972,83 Sutteridge Trail
221,Abata,5631035103,775 Oriole Point
222,Quimm,8134424546,0 Sheridan Plaza
223,Kayveo,8785648833,346 Butternut Drive
224,Twinte,7369259773,27841 Superior Pass
225,Voonder,7323455596,8 Hooker Park
226,Skaboo,7563997482,51226 Butterfield Alley
227,Mycat,5514129624,3 Petterle Park
228,Skimia,4103613939,3 Sycamore Terrace
229,Linkbridge,3073073906,0056 Oriole Way
230,Rooxo,2595239732,983 Old Gate Trail
231,Katz,2439296767,55 Anthes Street
232,Reallinks,6240078255,77 5th Point
233,Aibox,3807360190,95853 Fulton Lane
234,Demimbu,2417419300,9 Kropf Center
235,Devify,8270576484,64158 Tennessee Trail
236,BlogXS,7658678708,56706 Sullivan Hill
237,Dazzlesphere,0119691434,67147 Fair Oaks Center
238,Aimbu,6078104977,9864 Lindbergh Trail
239,Tambee,8432837989,02223 Park Meadow Park
240,Realcube,5253411941,54 Glacier Hill Trail
241,Fivebridge,1907156208,23935 Buell Lane
242,Ntags,9998089956,3421 Golf View Court
243,Bubbletube,1900436620,14 Del Sol Terrace
244,Yambee,0779052196,753 Prentice Way
245,Demivee,0197542778,02 Vidon Circle
246,Aibox,4461555062,577 Debra Court
247,Agivu,9052884633,6 Hooker Hill
248,Katz,6291397056,36 Menomonie Center
249,Skyble,8266646724,29528 Debs Drive
250,Browsebug,9830620425,7 Lawn Parkway
251,Skimia,4048251392,93 Doe Crossing Parkway
252,Yadel,5412991653,66615 Bayside Hill
253,Yakidoo,4182487354,5 Pleasure Way
254,Devpoint,8527124637,2 Sugar Hill
255,Linkbridge,1857924096,046 Gulseth Parkway
256,Zoonoodle,3579068040,6749 Sundown Drive
257,Voolith,3861975351,28877 Novick Avenue
258,Skinix,9638557214,0 Miller Hill
259,Meembee,3417780144,8893 Michigan Plaza
260,Talane,9017430362,323 Darwin Avenue
261,Vinder,3211376127,6 Homewood Parkway
262,DabZ,9349800713,541 Badeau Lane
263,Browsedrive,8262341961,3 Mendota Drive
264,Riffpath,5147939059,11 La Follette Drive
265,Photofeed,8903469151,80089 Saint Paul Street
266,Dazzlesphere,9062776078,93742 4th Circle
267,Rhyzio,5990778635,3 Harbort Hill
268,Voomm,7465336937,72 Delladonna Plaza
269,Trilia,3380839035,5 Talisman Place
270,Vidoo,4309964311,97818 Eliot Street
271,Rooxo,5415509895,44 Redwing Drive
272,Mydeo,0862250935,61 Onsgard Crossing
273,Babbleset,6321422819,18 Delaware Way
274,Blogspan,7319997282,580 Loomis Plaza
275,Fliptune,2394189649,6 Trailsway Drive
276,Abata,7766637898,988 Pawling Place
277,Brainverse,7336765807,33 Ryan Road
278,Muxo,5352939138,6 Johnson Court
279,Edgeblab,6495006756,9 Express Court
280,Blogtag,5863797304,86 Crowley Avenue
281,Zoozzy,5554243940,26763 Basil Street
282,Mudo,9071600092,65 Westerfield Road
283,Flashdog,0934407460,36 Northview Point
284,Tavu,9128630025,428 Glendale Court
285,Flashpoint,5527511433,9 Westport Alley
286,Zoomzone,4499159784,7112 Del Mar Lane
287,Youspan,7473076221,60 Katie Crossing
288,Avaveo,4673246330,75 Judy Crossing
289,Quimba,8449801273,397 Lakewood Crossing
290,Brightdog,2406283194,394 Waxwing Hill
291,Twitterbridge,7981060834,81 Namekagon Hill
292,Rhyloo,1141522950,618 Columbus Terrace
293,Mita,0905186303,82 Tomscot Avenue
294,Eadel,4576902342,0 Maryland Court
295,Wordify,2696840784,676 Lotheville Alley
296,Wikivu,5751902653,7 Pawling Terrace
297,Twiyo,5653672017,33392 Moose Place
298,Eamia,2454871076,37753 Daystar Lane
299,Skyble,8007379533,1 Union Circle
300,Avamba,4769246536,781 Raven Place
301,Realmix,3778211986,9532 Prairieview Lane
302,Realfire,4390050893,69 Tony Drive
303,Eimbee,7978646327,29321 Summer Ridge Junction
304,Rhybox,0503722197,6907 Kensington Park
305,Twiyo,0604196679,94777 Fuller Court
306,Browsebug,2656900026,2 Hollow Ridge Center
307,Dynazzy,3993373049,909 Warner Drive
308,Jabberstorm,0886523397,5874 Lunder Junction
309,Kanoodle,4430581088,72888 Jana Road
310,Oyonder,0420806881,68 Meadow Valley Plaza
311,Dabjam,9329225705,8 1st Park
312,Podcat,4120519295,69235 Monica Road
313,Zoomcast,4095848839,526 Buhler Lane
314,Flipopia,5870671809,8 Carpenter Parkway
315,Skiptube,6614922106,49 Troy Road
316,Flipbug,8566187148,62 Melvin Junction
317,Thoughtblab,5075131743,394 Lakeland Center
318,Chatterbridge,5519347727,48 Cody Center
319,Shufflester,1539922561,9795 Dahle Center
320,Tazz,4116830410,6861 Pankratz Plaza
321,Rhynyx,0554901560,52349 Bluestem Park
322,Vitz,6058668220,5819 Stephen Junction
323,Shufflebeat,9308185127,5679 5th Lane
324,Jayo,9906619430,795 Moulton Street
325,Quinu,2007341603,7 Prairie Rose Plaza
326,Agivu,5270192861,56 Hooker Alley
327,Rhynoodle,3122524112,79 Twin Pines Avenue
328,Flashset,6303755321,16 Northport Terrace
329,Livetube,9693900138,7 Village Lane
330,Aivee,0466222408,8126 Washington Terrace
331,Tambee,2812470267,8588 Vera Street
332,Wordify,8207195614,70 Anthes Way
333,Meevee,3353631186,2 Lyons Trail
334,Ailane,2152327144,4322 Sauthoff Hill
335,Bubbletube,5329608058,88 Saint Paul Place
336,Chatterbridge,4159607721,71 Golf Street
337,Livetube,3272785477,80232 Johnson Way
338,Buzzster,2345400714,121 Ryan Terrace
339,Topicshots,8213712552,3 Lakeland Center
340,Browseblab,1227768575,089 Corben Trail
341,Gevee,5653523569,0 La Follette Street
342,Plambee,6619910386,5388 Manufacturers Terrace
343,Brainbox,4724322853,35 Pennsylvania Road
344,Vinder,9506672660,7158 Sage Parkway
345,Jayo,5934838059,04859 Twin Pines Crossing
346,Pixonyx,8602261403,093 Scoville Point
347,Realcube,5485599397,21705 Banding Lane
348,Skaboo,5702463668,78096 Schiller Pass
349,Jabbercube,7317176168,0124 Brickson Park Way
350,Pixonyx,9585472732,02 Rowland Road
351,Gigaclub,8601255655,4796 Jenifer Plaza
352,Photofeed,0055911919,58 Petterle Place
353,Livepath,3137576717,954 Hermina Park
354,Tagpad,5052873956,028 Kinsman Alley
355,Livetube,1860217354,45 Kedzie Alley
356,Photolist,4441008473,2577 Dovetail Point
357,Brainbox,9666930366,0449 Ronald Regan Drive
358,Flashdog,6827185818,2105 Westridge Way
359,Thoughtstorm,1501700758,9137 Sachs Street
360,Browsetype,6602153005,6383 Emmet Terrace
361,Buzzbean,6683726388,1 Red Cloud Lane
362,Realblab,2755838752,4131 Hudson Junction
363,Meevee,4887792611,638 Bashford Terrace
364,Shufflebeat,7074250147,28 Orin Circle
365,Dynabox,0921922272,41248 Reinke Lane
366,Meembee,1930224699,0934 Eastwood Point
367,Divape,1001294963,82847 Dottie Drive
368,Wikivu,3040919113,1 Melody Parkway
369,Camido,8798679279,99539 Sutherland Crossing
370,Topiczoom,6812486469,615 Graceland Place
371,Edgeify,8972248665,83 Novick Terrace
372,Nlounge,0756553202,959 Dovetail Pass
373,Rhynoodle,9744130040,14 Kingsford Center
374,Kazio,9386730847,323 Doe Crossing Place
375,Gabspot,7591513028,7503 Cascade Hill
376,Chatterbridge,9355336497,7 Columbus Plaza
377,Jetwire,8506142237,4 Crownhardt Junction
378,Quimm,8554966074,68937 Hudson Drive
379,Ntag,5248685508,3 Arapahoe Point
380,Twitterworks,3461569593,0522 Linden Hill
381,Skinix,6139419573,09 Judy Drive
382,Feedspan,8439850360,12 Logan Alley
383,Devify,8753560949,487 Hazelcrest Avenue
384,Skyndu,1368339352,65872 Norway Maple Trail
385,Rhyloo,2249645922,513 Hudson Road
386,Quamba,7403449584,26761 Oneill Road
387,Ntags,4284200771,33777 Superior Plaza
388,Cogibox,5174029106,12 Jackson Way
389,Gabcube,7369750566,424 Bay Road
390,Skynoodle,7477521602,24 Duke Circle
391,Janyx,4610854333,55190 Grim Place
392,Rooxo,5893361105,17 High Crossing Point
393,Aimbu,1325653152,98340 West Center
394,Gabcube,3027212214,0 Jana Plaza
395,Meeveo,5839301744,4 Jenna Plaza
396,Zoomlounge,4864265011,9621 Buena Vista Place
397,Meeveo,3091874028,3188 Westport Place
398,Jabberstorm,4134926033,39 Oak Crossing
399,Demizz,9217638579,99814 Fisk Pass
400,Demizz,1965053904,52217 Green Ridge Alley
401,Tavu,8641180206,6169 Glacier Hill Avenue
402,Yodoo,3822216038,47 Washington Avenue
403,Livepath,5125142638,658 Cordelia Road
404,Yotz,5598139766,3070 Browning Street
405,Browseblab,9141371313,5 Roth Street
406,Blogspan,4003425596,6 Lunder Court
407,Trilith,2077247002,742 Donald Crossing
408,Dynabox,7892942300,219 Lotheville Drive
409,Vimbo,9238694303,95 Cottonwood Court
410,Mita,6984466679,924 Browning Junction
411,Ainyx,3147913384,4873 Darwin Road
412,Voolia,8739746488,38 Brickson Park Parkway
413,Nlounge,0537302387,392 Anzinger Terrace
414,Janyx,5828804561,1483 Melby Parkway
415,Edgewire,0521540720,0783 Rusk Plaza
416,Bluezoom,0996037306,505 Ridgeway Court
417,Kanoodle,5196889248,276 Mcguire Drive
418,Rhybox,9057456575,254 Chinook Terrace
419,Feednation,0852564635,9426 Macpherson Avenue
420,Minyx,3464195449,26071 Red Cloud Trail
421,Devpoint,9858131720,81934 Eagle Crest Park
422,Vitz,4448545911,75 Sundown Junction
423,Meemm,4870413922,4148 Pankratz Alley
424,Vidoo,1664233121,465 Lawn Way
425,Zoomdog,4970713308,43 Armistice Circle
426,Skajo,2904279113,845 New Castle Center
427,Fliptune,9409479584,0 Rutledge Point
428,Kazu,0795067615,581 Eagle Crest Court
429,Brainbox,4225362795,210 Main Pass
430,Babbleset,7949801786,33 Sullivan Court
431,Oodoo,3899160886,5 Tony Plaza
432,Jabbercube,9494507509,65 Farmco Way
433,Voolia,0686599888,0 Eagle Crest Terrace
434,Realbridge,5163924311,048 Bunting Plaza
435,Thoughtworks,5517827314,13171 Merrick Street
436,Avavee,0375152814,5919 Shasta Junction
437,DabZ,6025590508,7 Onsgard Street
438,Devcast,2829702611,43 Barnett Point
439,Yotz,7444605505,80897 Weeping Birch Terrace
440,Kazu,1895278651,3 Clemons Alley
441,Babbleset,8632998609,830 Comanche Plaza
442,Aimbu,0948480610,77899 Fairfield Plaza
443,Kwimbee,0526193891,91 Hovde Park
444,Lazzy,5026114164,597 Mayer Crossing
445,Livetube,8759174234,8 Schlimgen Circle
446,Babbleset,4423014726,805 Schmedeman Crossing
447,Mymm,4804761918,02439 Dixon Plaza
448,Voolia,4163023623,09760 Moose Lane
449,Bluejam,3726969861,33328 Fallview Junction
450,LiveZ,3504715634,812 Fallview Avenue
451,Riffpedia,4039040309,6949 Comanche Street
452,Jaxnation,7902941352,2 Granby Place
453,Riffwire,2386050483,4 Mesta Crossing
454,Brainlounge,2244910326,054 Susan Drive
455,Skajo,6999288720,4918 Eggendart Avenue
456,Rhyzio,8862842937,974 Kim Junction
457,Mycat,8117772841,9543 Stang Hill
458,Fadeo,5066088466,3 Grim Road
459,Shuffletag,9920367362,528 Cordelia Trail
460,Yodo,3555179594,6623 Butterfield Trail
461,Oba,4720328458,5 Monterey Crossing
462,Yacero,3613303426,77184 Paget Junction
463,Agivu,1207224421,60800 Quincy Avenue
464,Minyx,8949741296,08300 4th Street
465,Skippad,3432505108,28736 Old Gate Way
466,Camimbo,5318818811,2 Toban Junction
467,Meezzy,3522936213,4 Quincy Hill
468,Rhyloo,3993514084,32400 Norway Maple Park
469,Topicblab,5461842534,59793 Bluejay Hill
470,Meejo,6929265845,56194 Bultman Street
471,Topiczoom,9609922961,0 Carpenter Drive
472,Skimia,5091204458,981 Moose Trail
473,Browsedrive,5322291598,78889 Larry Road
474,Voomm,4174725861,7018 Fisk Road
475,Twitterwire,1822037018,3377 Fallview Road
476,Realcube,4424946401,6634 Bayside Lane
477,Linkbuzz,0110148673,590 Green Ridge Terrace
478,Zava,5385071048,65504 Sloan Hill
479,Mycat,8018361274,5438 Bashford Alley
480,Yodoo,9104695119,499 Eagan Terrace
481,Kwinu,5764265304,93695 Atwood Street
482,Ainyx,8180984001,990 Grover Circle
483,Kwinu,5152963531,665 Merrick Avenue
484,Rooxo,4774935123,5221 Killdeer Street
485,Skivee,5054672834,317 Mcguire Alley
486,Thoughtworks,9492113465,86945 Sunnyside Hill
487,Leenti,3313215246,39413 Eagle Crest Point
488,Trunyx,1757831479,3826 Clemons Lane
489,Fatz,4679843772,290 Katie Street
490,Dabfeed,8925298554,09 Wayridge Parkway
491,Flipbug,0837973899,66399 Summit Alley
492,Twinder,1568828403,6 Maryland Point
493,Edgepulse,6337653033,215 Truax Point
494,Yozio,1421387115,0612 Fremont Court
495,Yakijo,7262711512,497 Homewood Park
496,Tagchat,3034904045,15566 Raven Crossing
497,Jazzy,7738058617,28057 Brickson Park Court
498,Jabbersphere,5393195869,94911 Burning Wood Alley
499,Reallinks,9916821461,3012 Sloan Trail
500,Kazio,4238087356,0 Sachtjen Parkway
501,Babblestorm,4663877559,141 Twin Pines Point
502,Edgepulse,0265343712,2 Starling Pass
503,Gabtune,2737839246,81 Melody Place
504,Kimia,9796239787,3513 Summer Ridge Place
505,Feedmix,4989149491,9 Atwood Center
506,Feedfish,6257316286,614 Maple Hill
507,Bubbletube,0523664222,43266 Burning Wood Crossing
508,Divavu,6858232583,2495 Golf Terrace
509,Centizu,7397516149,53554 Kropf Alley
510,Cogilith,9453544612,270 Evergreen Center
511,Devcast,2383676098,744 Tennyson Pass
512,Livetube,8065599605,6910 Meadow Vale Way
513,Tagpad,0051490625,992 New Castle Center
514,Bubblemix,8503397900,659 Stone Corner Parkway
515,Feedmix,5424558585,38233 Ridgeway Point
516,Twitternation,9704653948,0901 Twin Pines Crossing
517,Nlounge,4353005197,885 Bluejay Drive
518,Gigazoom,3309545083,1766 Lotheville Way
519,Voonte,2282248384,364 Sherman Circle
520,Realfire,9521764473,84257 Magdeline Street
521,Kazio,0216656346,27 Haas Circle
522,Katz,3448402648,4862 Center Circle
523,Podcat,0162617070,658 Knutson Terrace
524,Twitterwire,3219406106,570 Southridge Terrace
525,Thoughtworks,7670717580,880 Carioca Lane
526,Shuffletag,4621667475,56 Kim Way
527,Photospace,6216163000,33 Commercial Alley
528,Vitz,4037371634,710 Lotheville Park
529,Bubblemix,7743628051,96 Bunting Street
530,Twiyo,0063491206,49 Northwestern Crossing
531,Realpoint,5271084558,4 Loftsgordon Plaza
532,Edgewire,4519158745,53927 Oak Valley Alley
533,Meeveo,9894385591,1940 Little Fleur Alley
534,Skajo,4591825272,64160 Dapin Place
535,Leenti,8146066755,71527 Fairfield Park
536,Dabshots,4918764932,7902 Crowley Hill
537,Oozz,9566717806,8833 Manufacturers Circle
538,Kamba,7000105100,69 Spenser Lane
539,Zoonoodle,9043403962,33481 Paget Plaza
540,Demimbu,0383112702,0088 Mccormick Pass
541,Skalith,6118061777,692 Luster Way
542,Rhyzio,5206597805,0 Longview Lane
543,Yozio,4068412952,57 Grim Center
544,Yacero,9865593475,42 Manufacturers Trail
545,Tagpad,3368135953,9575 Forster Park
546,Oloo,1863484485,0 Bluestem Drive
547,Shufflester,9347905461,355 Oxford Street
548,Nlounge,9095689360,079 Lindbergh Crossing
549,Jaloo,7763835591,93180 Debs Parkway
550,Jayo,1609395743,66 Crowley Street
551,Mynte,8164105368,63098 Roth Parkway
552,Mydo,4432857277,6769 Melvin Road
553,Twinder,7469720162,289 Annamark Circle
554,Oodoo,0998303186,53074 Russell Terrace
555,Gabtune,4416124368,9 Express Terrace
556,Wikivu,1914025490,8853 Cherokee Park
557,Zoomcast,9462661294,5425 Lawn Street
558,Yacero,8071212091,176 Mandrake Plaza
559,Mybuzz,4150203768,5017 Garrison Place
560,Eidel,5060041859,146 Sachs Trail
561,Thoughtworks,6490188686,652 Gina Way
562,Twitterbeat,3694491422,55674 Stephen Park
563,Edgeclub,5965922124,5 Pine View Terrace
564,Flashspan,1301155160,7 Saint Paul Road
565,Geba,5990699336,362 New Castle Lane
566,Vinder,4460487101,281 Sundown Court
567,Kimia,5986933710,63492 Redwing Terrace
568,Vinder,3766548018,33130 Northland Court
569,Jabberbean,4382388066,1897 Fisk Crossing
570,Camimbo,3214521519,618 Cascade Road
571,Realfire,3682416021,214 Eagan Circle
572,Youbridge,0005133688,23769 Sachtjen Circle
573,Skalith,9639047856,73 Del Sol Pass
574,Babblestorm,4246699780,61 Clarendon Avenue
575,Mynte,9994909320,09020 7th Avenue
576,Abata,1320411843,47 Eagan Road
577,Thoughtworks,8740860973,7 Randy Drive
578,Devify,6863730278,4 Kinsman Parkway
579,Fliptune,4906221262,76304 Northport Crossing
580,Skimia,7874486137,7064 Northwestern Road
581,Tagpad,3923201273,40606 Everett Lane
582,Zoozzy,6000356382,3099 Eastwood Terrace
583,Yodo,4233702362,361 Grasskamp Park
584,Feedfish,7807706260,2973 Vidon Trail
585,Tagtune,6196136216,2 Laurel Park
586,Feedfire,6892444954,55 Cherokee Trail
587,Aimbu,1241671788,68799 Meadow Ridge Way
588,Thoughtworks,6938923094,1502 Prentice Lane
589,Skiptube,2689779706,833 Crownhardt Point
590,Pixope,1935458760,7 Glendale Court
591,Topicshots,6660330739,013 Comanche Alley
592,Yadel,6791718471,7 Warner Alley
593,Twitterwire,0501303758,76413 Chinook Lane
594,Jaxnation,1455047953,61 Messerschmidt Road
595,Aivee,0091490782,605 Huxley Lane
596,Yacero,8523983759,41864 Carberry Avenue
597,Topdrive,3973331006,75724 Miller Parkway
598,Photobug,1652230696,7733 Spenser Center
599,Izio,7934084633,3305 Heffernan Avenue
600,Riffwire,7705267683,11578 Pleasure Trail
601,Vipe,6218668312,2253 Onsgard Circle
602,Edgepulse,3084804869,0 Roth Center
603,Dazzlesphere,3034648227,4462 Green Crossing
604,Quimm,3021937659,887 Elmside Alley
605,Yodo,4143020785,80 Eastlawn Center
606,Avamba,8706046193,6239 Dixon Alley
607,Zoomlounge,0196451116,7892 Brentwood Center
608,Jabbersphere,8777346335,040 Little Fleur Lane
609,Skaboo,1747422894,8 Artisan Crossing
610,Yodo,4062570904,896 Bashford Street
611,Kwimbee,1051108543,75807 Lindbergh Place
612,Thoughtworks,7520926028,58632 Hallows Parkway
613,Bluejam,8204582315,039 South Parkway
614,Npath,1274498821,5 Crescent Oaks Circle
615,Realblab,8748160040,88078 Green Plaza
616,Fivechat,9201423942,5 Anhalt Circle
617,Twitterbeat,0664753051,98 Kim Drive
618,Blogpad,3966670984,40 Bellgrove Lane
619,Kwinu,6920556073,8941 Meadow Vale Place
620,Tagchat,8518096693,239 Shelley Park
621,Rhyzio,0381947793,7 Knutson Plaza
622,Skimia,1127930516,49608 Kinsman Lane
623,Buzzshare,3192563125,2 Annamark Road
624,Flashdog,3533689654,5 Gina Center
625,Aivee,1051023572,5407 Meadow Vale Trail
626,Agivu,1991376219,73 Hoard Parkway
627,Rhynyx,3265895637,686 New Castle Crossing
628,JumpXS,5175808311,144 Delladonna Way
629,Jabberbean,0120879581,9951 Delaware Street
630,Voomm,7694047194,68 Beilfuss Lane
631,Skipfire,1178282511,38867 Stoughton Pass
632,Photospace,7940092200,5 Brentwood Trail
633,Vinder,7693510710,76 Hazelcrest Court
634,Zoonoodle,1142573052,79 Briar Crest Place
635,Skinte,4311149603,8 Blue Bill Park Avenue
636,Fatz,7992356004,5191 Express Way
637,Skinder,2944178121,31 Kensington Way
638,Vinder,9376333977,9 Buell Way
639,Riffwire,9906862912,438 Dryden Point
640,Meemm,6022955211,822 Warrior Alley
641,Edgeify,7200464694,5 Little Fleur Terrace
642,Twimbo,7236033405,90142 Old Shore Terrace
643,Photojam,3467686613,12592 Lillian Center
644,Trilia,1725965720,70 Walton Road
645,Janyx,1626298262,81399 Fremont Center
646,Camimbo,0312173393,72 Declaration Terrace
647,Eimbee,1412319641,103 Birchwood Circle
648,Zoomdog,1662721986,90621 Nevada Road
649,Jabbercube,4271740829,59 Mcguire Drive
650,Yodel,8346858256,4 Spaight Hill
651,Jaxworks,1721373314,7385 Upham Street
652,Realblab,0320951588,9414 Cascade Center
653,Shuffletag,6054815709,75965 Maple Park
654,Trilith,4918307760,9796 Golf Course Street
655,Npath,8604505369,8 Tennyson Hill
656,Oyope,1217346201,66507 Fallview Court
657,Leexo,9973320034,21577 Swallow Street
658,Jetpulse,3556866595,1 Ryan Place
659,Jamia,3390674365,87804 Monterey Junction
660,Ozu,5888501441,9349 Glendale Drive
661,Twinte,1896549225,54 Valley Edge Street
662,Quinu,5920009268,051 Forest Court
663,Blogpad,1912537044,8 Transport Junction
664,Youopia,5497518982,7 Forest Road
665,Miboo,5100237457,0 Vera Plaza
666,Tanoodle,6683920699,39476 Anthes Plaza
667,Fivebridge,7111949242,6184 Susan Park
668,Zoomdog,0579074722,4 Eggendart Terrace
669,Twinte,3728206571,65725 Pearson Trail
670,JumpXS,2317335172,5 Hanson Hill
671,Chatterbridge,6491348806,4811 Kropf Drive
672,Eabox,8836152139,695 Sutteridge Crossing
673,Blogspan,4386905561,06 Utah Avenue
674,Quimba,7159314409,7812 Fieldstone Pass
675,Youspan,2709025566,64 Sugar Street
676,Thoughtbridge,5890131877,65078 Charing Cross Trail
677,Voomm,0315500964,416 Hintze Road
678,Bluezoom,8010737313,652 Farragut Plaza
679,Cogilith,8126297409,21 Orin Crossing
680,Riffpedia,0746375603,136 Lotheville Lane
681,Eare,3514910952,7365 Fremont Plaza
682,Dabtype,9004691936,5 Mifflin Avenue
683,Kwideo,4943835600,5200 Alpine Park
684,Roombo,4982519323,045 Chive Court
685,Roomm,4785122757,09421 Valley Edge Junction
686,Rooxo,3836602636,2079 1st Road
687,Edgeify,0516070983,87 Tennessee Avenue
688,Gigabox,6441734842,6217 Grim Circle
689,Skilith,3564119531,73 Fairview Way
690,Feedfire,6740215782,29 Dixon Pass
691,Edgeclub,7324160514,9953 Saint Paul Pass
692,Demimbu,8196178514,2534 Hoepker Alley
693,Vinder,5685570694,5553 Dwight Terrace
694,Brainverse,2871842523,973 Esch Park
695,Twinte,8557539916,5 Glacier Hill Place
696,Riffpedia,1946580848,53 Hallows Park
697,Viva,9272356326,13923 Roxbury Circle
698,Voolith,2685095829,11069 Artisan Court
699,Buzzster,7296165359,34140 Jackson Hill
700,Dabfeed,6033843878,651 Di Loreto Lane
701,Twiyo,2872279040,47621 Fallview Parkway
702,Eabox,1879257424,18 Shasta Circle
703,Feedbug,8453288593,8 Prentice Parkway
704,Livetube,8501867160,83 Granby Terrace
705,Ailane,8482011014,6 Center Alley
706,Pixoboo,2138827275,6 Packers Crossing
707,Cogibox,1388819252,9 Acker Trail
708,Skibox,3986031650,0767 Mendota Hill
709,Demimbu,8961574205,7 Pleasure Crossing
710,Oyoyo,6809994890,49230 Iowa Court
711,Zoombeat,3194025635,8 Lillian Way
712,Rhynoodle,0020591969,4 Basil Alley
713,Tazz,9852683543,5956 Buena Vista Avenue
714,Izio,9415576707,794 Washington Crossing
715,Thoughtbridge,0331339951,48 Ridgeway Parkway
716,Skajo,5495095901,77 Summer Ridge Pass
717,Photofeed,2193519315,2389 Bowman Parkway
718,Jamia,6649937460,5 Brentwood Terrace
719,Zoovu,1071070487,80 Old Gate Crossing
720,Bubblebox,6415053280,970 Upham Parkway
721,Quinu,0442086792,4972 Rutledge Junction
722,Nlounge,7779301419,450 Drewry Park
723,Camimbo,9196766123,95 Eggendart Place
724,Wikivu,2411346638,31062 Johnson Place
725,Rooxo,0233750266,86940 Lakeland Park
726,Browsebug,2362429075,843 Dorton Junction
727,Shuffledrive,9881525233,71335 Texas Avenue
728,Tagchat,1231216077,611 Shasta Court
729,Mybuzz,4044708622,7493 Shoshone Avenue
730,Innotype,0766118118,10913 Brickson Park Plaza
731,Skyvu,9317165524,21 Blaine Avenue
732,Demizz,8305069060,0250 Becker Crossing
733,Muxo,1011096080,13 Melody Junction
734,Skyndu,3143656727,5870 Maple Wood Crossing
735,Twiyo,7979485238,0 Bayside Plaza
736,Rooxo,3425666525,776 Washington Terrace
737,Zoomdog,3142002073,89 Stone Corner Plaza
738,Voomm,4023780782,92 Lyons Parkway
739,Zoovu,0596013957,36006 Moose Court
740,Gigaclub,6602152157,1 Dakota Lane
741,Oodoo,6909288084,5 Merchant Court
742,Livetube,7215232328,69 Sullivan Way
743,Browseblab,6907299348,27909 Graceland Street
744,Roodel,1663508488,802 Vahlen Court
745,Avavee,8179926761,8 Leroy Park
746,Skalith,2057789292,881 Commercial Terrace
747,Aivee,7159593693,95004 Hudson Parkway
748,Twiyo,7226604647,93 Melody Trail
749,Thoughtbeat,5924505464,513 Goodland Circle
750,Dabvine,4432009519,65235 Colorado Hill
751,Mydo,3274504750,5625 Kennedy Street
752,Livefish,1785503766,1126 Esker Plaza
753,Topdrive,0750813776,248 Spohn Crossing
754,Skinte,2631457412,37478 5th Plaza
755,Dabvine,2136344811,46532 Monterey Alley
756,Skimia,1330094360,40813 Hoffman Street
757,Avaveo,7207549326,158 Macpherson Terrace
758,Blogspan,4898587674,88971 Lyons Avenue
759,Wordtune,3941821253,0777 Merchant Plaza
760,Brightdog,7767513300,7 Washington Avenue
761,Rhyzio,1666207012,7 Kings Center
762,Rooxo,7611558293,87497 Montana Alley
763,Abata,5109678650,69 Dixon Pass
764,Yacero,7649131564,5 Columbus Pass
765,Yotz,0427369738,05 Old Shore Alley
766,Quinu,6178559100,12 Burrows Court
767,Snaptags,5462429088,944 Oak Valley Crossing
768,Kwideo,2410882714,59879 Carioca Terrace
769,Dabfeed,9676921238,5 Swallow Road
770,Janyx,9453007072,9125 Pleasure Lane
771,Browsedrive,1227738862,43591 Sachs Way
772,Vidoo,6779181757,24 Declaration Street
773,Innojam,8604276416,3 Center Street
774,Youfeed,5373748676,32551 Haas Plaza
775,Devpoint,5773143313,6091 Blue Bill Park Pass
776,Brainbox,0029796865,39029 Nelson Center
777,Skynoodle,8099239083,9894 South Place
778,Eamia,8693145711,35 Monterey Terrace
779,Brainbox,1851476636,16 Cascade Point
780,Jabbersphere,3853417558,5180 Lukken Drive
781,Dynazzy,0465113907,69 Buhler Alley
782,Riffwire,5419292130,26 Sunfield Junction
783,Mita,0090066464,2 Cherokee Circle
784,InnoZ,6821002266,4454 Katie Hill
785,Skippad,9305152104,792 4th Park
786,Muxo,8646491757,63 Brickson Park Drive
787,Skaboo,0328177857,528 Buhler Plaza
788,Tagfeed,4986682245,80 Briar Crest Parkway
789,BlogXS,7199297289,8001 Saint Paul Crossing
790,Omba,8557235615,342 Dunning Point
791,Realpoint,9511897551,95 Pleasure Trail
792,Twitterbeat,7408947272,612 Hanover Hill
793,Jamia,6517091734,78 Hayes Avenue
794,Tagpad,8125468234,562 Lindbergh Junction
795,Babbleblab,6197413736,14 Susan Junction
796,Skivee,1661669891,8 Florence Trail
797,Feedspan,8663762151,14 Straubel Junction
798,Flipbug,3721321537,64344 Fallview Park
799,Thoughtbeat,9544364382,70 Bartelt Crossing
800,Thoughtstorm,3048158170,67396 Darwin Court
801,Mydo,0909258198,086 Sachtjen Street
802,Jazzy,1416709290,023 Chive Crossing
803,Thoughtstorm,4581475767,42704 Pepper Wood Lane
804,Twitterbridge,4193470202,5164 Heath Avenue
805,Voomm,5250175872,494 Susan Way
806,Jabberstorm,1568783876,4 Village Green Alley
807,Feedspan,9364534670,49655 Brown Pass
808,Feedspan,9809663889,531 Service Place
809,Quinu,1824712847,2556 Oak Court
810,Plajo,6598613477,1 Knutson Circle
811,Kamba,5263933800,7 Ilene Center
812,Tagpad,4728865053,67846 Canary Court
813,Bluejam,9159518316,31154 New Castle Hill
814,Wikido,3720533603,86 Bobwhite Center
815,Zooveo,0710628366,4 Barnett Place
816,Mymm,3450210181,05 Mccormick Terrace
817,Podcat,3287738836,3 Golf View Road
818,Gevee,3799796983,0391 Mcbride Street
819,Eimbee,4677881340,685 Sloan Parkway
820,Thoughtmix,9572594052,21638 Tony Road
821,Skibox,2218658941,9487 Pearson Parkway
822,Wordify,2567003665,661 Express Way
823,Plajo,0920420087,5 Monica Lane
824,Photobean,1873253923,2 Grayhawk Court
825,Oyonder,7365494301,8 Westridge Avenue
826,Geba,1703651235,5900 Monterey Drive
827,Youopia,7177456910,3 Rutledge Avenue
828,Eire,1695126297,3 Sutteridge Point
829,Babbleopia,3452483649,4 Cottonwood Lane
830,Thoughtworks,3748633394,7459 Kim Way
831,Ntag,3129879064,611 Melvin Court
832,Dynava,3103843364,8293 Pleasure Court
833,Shufflebeat,7192432822,79 Sunfield Way
834,Voonder,8627696551,7 Norway Maple Trail
835,Meemm,1850371679,03 Basil Plaza
836,Jatri,6790634959,8304 Monica Lane
837,Twitterlist,7559514219,4527 Kennedy Alley
838,Camimbo,7249994239,93 Declaration Street
839,Browsedrive,5948692353,090 Debs Park
840,Twinder,0948974699,99726 Swallow Way
841,Miboo,5942602298,3 Banding Trail
842,Quaxo,5982909106,7 Golf Alley
843,Flashpoint,1280482192,26 Rutledge Place
844,Jaxnation,8923211737,5191 Miller Lane
845,Flipopia,8494721941,6 Dahle Center
846,Rhynyx,8479531606,560 Karstens Plaza
847,Browsetype,2452611441,2180 Canary Lane
848,Tanoodle,2151540480,934 Lien Road
849,Realbuzz,0044977840,3 Northport Avenue
850,Blogspan,1732351716,5555 Randy Circle
851,Twitterworks,5950293819,2634 Moulton Park
852,Topicblab,5623212042,86492 Hollow Ridge Pass
853,Youbridge,7178477725,7565 Stone Corner Parkway
854,Rhyzio,8811850223,4 Bunker Hill Lane
855,Topicblab,7468603952,84587 Straubel Hill
856,Tagopia,2014581878,3373 Arrowood Point
857,Muxo,7019574645,857 Forest Dale Crossing
858,Quire,4980549551,3 Village Junction
859,Fivebridge,9877039192,5178 Loomis Way
860,Meeveo,6259023189,182 Acker Lane
861,Vimbo,4049094754,71072 Oriole Junction
862,Skibox,8360537550,240 Schmedeman Junction
863,Skippad,1045805238,064 Pond Crossing
864,Pixope,5417795267,9 Darwin Junction
865,Kare,8635918959,8298 Dennis Road
866,Twitterbridge,0462689999,61 Kensington Avenue
867,Gevee,4518137507,6 Chinook Park
868,Realpoint,3566934313,55033 Eagle Crest Place
869,Twinte,8014612213,1562 Ronald Regan Junction
870,Muxo,8250936264,6 Myrtle Hill
871,Twitterbridge,2973369215,24 Russell Court
872,Bubblemix,8745811989,3 Vernon Trail
873,Edgepulse,1097634914,776 Novick Way
874,Zoozzy,5875356758,952 Delaware Avenue
875,Feednation,6562824737,008 Crescent Oaks Circle
876,Shufflester,9534716677,8397 Fairview Junction
877,Thoughtsphere,0743943171,631 Forest Run Center
878,Wikibox,0033318158,48 Marquette Plaza
879,Topiczoom,2802148311,10160 Ludington Court
880,Innojam,9625676651,343 Morning Place
881,Yodo,4590872072,16172 Northfield Drive
882,Mynte,5801479872,28822 Toban Street
883,Abata,6636618191,239 Muir Trail
884,Zava,2633222900,5470 Hayes Center
885,Meembee,0309742277,00 Rockefeller Trail
886,Trudeo,8636169852,0783 Park Meadow Center
887,Eamia,5561737198,87607 Hayes Crossing
888,Yabox,9771425285,05433 Roxbury Circle
889,Twitterworks,4670629972,6623 Reindahl Junction
890,Bluejam,8035442481,86 Lillian Avenue
891,Realcube,6336644154,02 Bashford Avenue
892,Youfeed,8588810867,96 Goodland Alley
893,Yambee,3042232190,0 Jenna Center
894,Aimbu,6488288407,2965 Hanson Junction
895,Kanoodle,0827706731,21 David Parkway
896,Zoonoodle,6368662263,08328 Autumn Leaf Place
897,Topicblab,7840647901,88 Main Point
898,Muxo,3065935074,4324 Anzinger Place
899,Pixope,3693392366,433 Westridge Lane
900,Janyx,1145079156,93 Riverside Circle
901,Vitz,4632079588,79519 Park Meadow Hill
902,Rhynyx,5639014407,70 Mallard Court
903,Agimba,2808544715,94783 Lakewood Gardens Avenue
904,Omba,6763246404,20 Canary Way
905,Tavu,5639522062,054 Prentice Alley
906,Devpulse,0570763886,891 Golf View Plaza
907,Wikizz,5212408628,209 Bowman Center
908,BlogXS,9276791604,682 Lyons Pass
909,Realcube,9189186702,49407 Stephen Parkway
910,Feedmix,8835264197,541 Derek Way
911,Oyoba,7895877607,2705 Quincy Hill
912,Tagchat,0760920281,04 Moulton Avenue
913,Zoombox,9369376607,5203 Redwing Plaza
914,Twimm,7360361095,2 Dakota Road
915,Youopia,7136040272,96772 Calypso Trail
916,Eidel,7739017507,097 Hoard Junction
917,Blogspan,9361190504,73016 Waywood Trail
918,Skinder,7074112291,50 Armistice Pass
919,Thoughtmix,1521279039,3 Mayer Avenue
920,Zoozzy,1543229875,29 Independence Hill
921,Meeveo,1964795818,12833 Oak Lane
922,Linktype,0636725766,3 Toban Lane
923,Skyndu,5399827921,95 Continental Hill
924,Livefish,9002879334,69242 Blaine Center
925,Mydo,5712385961,773 Sugar Place
926,Thoughtmix,7447717851,4434 Corscot Circle
927,Skipfire,5092782005,161 John Wall Court
928,Fadeo,6044240452,403 Loftsgordon Junction
929,Eayo,2361031604,9355 Kinsman Avenue
930,Jatri,9282438333,39 Briar Crest Terrace
931,Nlounge,2111630888,69672 Arapahoe Terrace
932,Pixonyx,9920353582,271 Reinke Street
933,Voolia,3882360925,4 Eagle Crest Circle
934,Thoughtbeat,8265776357,23850 Melby Point
935,Plajo,1874697507,692 Artisan Center
936,Agimba,9413464200,5 Mayfield Plaza
937,Jayo,6181138544,493 Vernon Parkway
938,Fanoodle,2267201747,7 Prairieview Court
939,Twimm,3044306477,29058 Clemons Pass
940,Divape,5294373424,958 Annamark Park
941,Shuffledrive,9133139598,47935 Randy Crossing
942,Buzzbean,4661753747,7 Huxley Point
943,Livetube,2644454948,235 Clemons Drive
944,Camimbo,8006597812,4962 Prentice Place
945,Rhynyx,2480867838,89 Huxley Hill
946,Divanoodle,3472133406,03 Gina Circle
947,Eamia,9379579012,91558 Valley Edge Road
948,Fatz,6681222226,920 Toban Trail
949,Meeveo,6671013411,68 Starling Pass
950,Quinu,6687185292,16144 Butterfield Pass
951,Livetube,8254289565,50 Corry Park
952,Meemm,7395185684,86 Anderson Way
953,Zooveo,4878191244,354 Roxbury Alley
954,Jaxbean,3138242294,6 Rusk Center
955,Zoombox,1622299124,305 Crownhardt Avenue
956,Twiyo,0174428243,2 Crest Line Terrace
957,Livetube,6346839470,7877 American Ash Junction
958,Thoughtbridge,8836674119,1596 Maryland Way
959,Roombo,7025708615,41006 Manley Street
960,Livetube,6065698482,231 Kensington Trail
961,Topicblab,0790322005,26 Manufacturers Place
962,Dabshots,2687524743,06214 Macpherson Court
963,Devshare,4441605269,37902 Surrey Park
964,Teklist,9822019947,5 Moose Court
965,Quimba,6343360379,0 Mccormick Terrace
966,InnoZ,2515553974,3 Cascade Street
967,Innojam,6827587932,83 Dapin Trail
968,Vipe,1437856020,2 Clarendon Junction
969,Quatz,5456402769,57 Elgar Lane
970,Zoozzy,2361855682,6 Dunning Hill
971,Katz,3340415668,04 Express Center
972,Eimbee,5324090557,79426 Knutson Road
973,Jabberbean,3558468074,979 Hintze Drive
974,Eamia,6399059429,3494 Fair Oaks Circle
975,Fanoodle,5093034983,35 3rd Pass
976,Realblab,2440322849,96167 Tennyson Court
977,Browsedrive,8340457586,9 Caliangt Avenue
978,Zava,8847457181,58864 Fulton Court
979,Yombu,8169150760,426 Green Court
980,Zazio,0831076682,74229 Sloan Place
981,Wikizz,3248701218,191 Talmadge Drive
982,Npath,0589041274,6 Green Ridge Street
983,Shufflebeat,8001089444,8844 Debs Center
984,Fiveclub,1325886890,72043 South Place
985,Thoughtbridge,8691980044,08248 Hooker Hill
986,Skyble,2483332943,3 Melrose Way
987,Fliptune,7758323243,34 Chive Pass
988,Wikido,3017027430,3 Clyde Gallagher Place
989,Zoomlounge,5468930463,10856 Lakewood Gardens Drive
990,Skimia,5553574870,75037 Rusk Hill
991,Riffpedia,5561660829,644 Kings Trail
992,Photofeed,3504091460,8046 Ruskin Trail
993,Shufflebeat,9626383585,589 Bay Parkway
994,Linklinks,0533084563,875 Gerald Alley
995,Realbuzz,7855737294,76972 Packers Lane
996,Buzzbean,8839249818,3507 Bobwhite Center
997,Dazzlesphere,9140779947,89466 Mcguire Junction
998,Blogtag,3036869824,28717 Lake View Road
999,Twitterbeat,6396718928,7 Paget Lane
1000,Wikido,5646837871,71 Bunting Way
