id,credit_card,name,email,password
1,3563714391372413,Lettie,lrobens0@boston.com,hl020OJJvx2
2,5602247836256444,Flori,fcuruclis1@bbb.org,sfKltC4yJwL
3,3576835492366189,Berty,bsyder2@yahoo.co.jp,wCzJBO1ts7Kn
4,6334175084199179201,Mycah,msoall3@fema.gov,LhW8mEn
5,5048376152452121,Fania,fkilbride4@histats.com,lWZtmFzN
6,560223472976538202,Tobye,tdimeo5@issuu.com,vm9FGwy
7,3535078873598787,Carlin,cmarchello6@yellowpages.com,ZGFY0P9wrx
8,374283631141090,Victoria,vperroni7@uol.com.br,nD4EXu0G
9,4041598456038591,Timmy,tcowell8@weather.com,BMtigvw
10,201530323546260,Kip,khearsum9@freewebs.com,HIBQCYQUTW
11,4041599956533826,Seth,sfardella@ameblo.jp,6ZmKRFjfZx
12,3587164153029946,Nelly,ncalteroneb@whitehouse.gov,VUgzSpv0kAd
13,3581597840426395,Port,pmcwilliamc@illinois.edu,zw7rjHg4
14,5597044306776440,Waiter,wvennd@mlb.com,gI7kuarh
15,5564652716042523,Delora,dbilese@dailymail.co.uk,BTYJJY0ip1e5
16,3568486547297795,Leontine,lovensf@va.gov,yU815j5
17,3531279912812676,Christen,culyattg@vimeo.com,l6m8lB66
18,201994981943377,Nerti,nalesioh@google.com,31MPOO
19,30095552127726,Hartley,hravenscroftti@stumbleupon.com,NQf8ujuaL
20,3576591861815153,Shelagh,spiertonj@twitpic.com,ozBeJtIXnkP
21,4936178004712084,Ab,amunganek@yandex.ru,Sr4qyBhHNEi
22,5010128046284457,Kimmy,kjohanssonl@flavors.me,oRKr0EK
23,67094736495337276,Vi,vmarconim@paginegialle.it,kWcADdlDG
24,5610675227440153,Andie,acatfordn@technorati.com,LBIsXwbxz3wE
25,3542714183260319,Theodora,ttatersaleo@symantec.com,Lf9XbZySfKh
26,30451953355541,Toma,tgareyp@harvard.edu,x1abSMLDXkgX
27,201982474094790,Octavius,owinspurq@deliciousdays.com,23ICBoquS
28,3560961345956345,Roselin,rgamlenr@eventbrite.com,J2HYFl
29,3543556645429886,Nobe,npevsners@bing.com,znARV5
30,5602226359878099,Dorella,dmcdermidt@admin.ch,1rMQoJ
31,6709714425939458,Devora,dbettenayu@chronoengine.com,B9mE8d7
32,3552663865250246,Mariel,mboakesv@opensource.org,lD7ZyD1pdYu3
33,6706555875338785074,Randie,rlefevrew@ycombinator.com,AtzIlVT
34,3560709130034368,Boycie,bdrabblex@google.ca,h1zrkf
35,3586017149776502,Marcello,mbrowny@ibm.com,gdfMXag
36,377099758307240,Shell,slongworthz@dedecms.com,g1G8mgS6J2t
37,201727383924953,Lori,lhalliberton10@merriam-webster.com,uTjQp29zxXw
38,6390955908431976,Chantal,cdodridge11@t.co,ZCzXaWEgW
39,3548271495123382,Gaelan,gpovlsen12@phpbb.com,aHTUfbYF44g
40,3565188015022340,Dino,dadamski13@weebly.com,5KaOmChuO1L
41,30466445847012,Burton,bblesli14@google.cn,QOpmExt1
42,30373883980463,Fiona,fraynton15@posterous.com,LF61g2AQ
43,3537455352459285,Panchito,pbrayne16@springer.com,rjuxBPtk2
44,5602212532671502,Carlina,cgrady17@ebay.co.uk,LUhD2B
45,67717281639852317,Leonerd,llanders18@about.com,FtIjdj50umE
46,3586252745078140,Rosalinda,rbrighouse19@soundcloud.com,yunmqtfc6caC
47,201422711977028,Douglass,djantzen1a@mozilla.org,02C0QpSgaOY1
48,5521272432719726,Ker,khalpen1b@google.com.br,IwoVpz04rJK
49,201593053144607,Krissy,kzammett1c@tripadvisor.com,B93Qbpb2
50,3563198609968909,Katuscha,kmaffioni1d@scientificamerican.com,dbZeup5jMWF
51,201871366470376,Darnell,djeff1e@over-blog.com,xy30ucRiGhH3
52,201923452907009,Mason,mwhellans1f@ebay.co.uk,bdtp8plO
53,6761755500049444349,Annadiana,achristmas1g@wix.com,kYFZkjoXEZnJ
54,3579555518589203,Giulietta,ggrealish1h@meetup.com,MxxIX1wYaUqk
55,4026229823335697,Nicoline,nguppey1i@hud.gov,YzsLxT2
56,3547998884152215,Jae,jlantuffe1j@pcworld.com,c67gffajFPL
57,30441498724814,Prissie,pcuredell1k@addtoany.com,WoVQR1zFii
58,3538819464523016,Vivie,vburnall1l@npr.org,c4czlshv
59,676313207649276904,Byram,bpleasance1m@sfgate.com,mt46bNg
60,30049246385232,Sella,sfarny1n@sun.com,zL9WznXUd
61,3584115708088566,Norry,ncrux1o@i2i.jp,76veiPDX5
62,5100170842839242,Peyter,pmochar1p@jimdo.com,6v4ZQf0mb
63,30500675299096,Arlinda,athomassen1q@dailymotion.com,VZnHPh8ve
64,5602249676590544,Chick,cgoldingay1r@illinois.edu,0neDGgCE
65,4508200240675657,Mab,mthirlwell1s@fc2.com,iVMX8ivbMe
66,5553460067700811,Granny,gstobbe1t@senate.gov,ClbJpZTlN
67,6395076029580404,Leicester,lcorner1u@techcrunch.com,dN8Hqi1v
68,4508689843544270,Victor,vwesgate1v@java.com,4r0nx61ZI
69,5429882927624802,Cristobal,cwandless1w@tripadvisor.com,kB9xQGakR
70,5492600165260614,Lorelle,lcowx1x@time.com,AnkxCVw
71,201852584416490,Lamont,lchesley1y@nymag.com,96DJ1Lz
72,6759365224799725874,Hobard,hdarville1z@msn.com,YOxdd3
73,633110778692269752,Angus,afrancey20@hexun.com,WCXbLSQx8W4
74,374288316998342,Dominique,dbangs21@wikipedia.org,R9ossMUDIO
75,5100170245447387,Eada,ekinrade22@cmu.edu,z1wKInFw
76,3567491155236789,Nanni,ngounod23@npr.org,HtMkqn
77,5224537793652355,Isabelle,ibrennans24@businesswire.com,uNTPVimP
78,3533375591755125,Melva,mnormanton25@github.com,04gbfOJE2
79,5100172552693546,Leila,lgoodoune26@naver.com,ty1AONp29
80,5533646928452106,Barbie,bringham27@goo.gl,MqKU1W
81,6763156781755028887,Jeniece,jpaprotny28@tripod.com,wWgMLq
82,372301002649566,Osbourn,ogidney29@geocities.jp,Rsmv0aJgIYA
83,30089116095909,Gratiana,ggrumley2a@bandcamp.com,fSSAl7H7
84,3585052379089053,Antonietta,agrima2b@fda.gov,Wea2qIeYi
85,3574520380508876,Devlen,dtremayle2c@thetimes.co.uk,Su6L7Eiid
86,5610175955632068321,Pauletta,pcrean2d@privacy.gov.au,KCsqa7xl9
87,3562445161197067,Ernie,ebacchus2e@zimbio.com,Jow7yA
88,30203792741229,Wheeler,wblackett2f@blinklist.com,lt7vP8H
89,3579273372819563,Brooks,bearlam2g@gravatar.com,It56MIK
90,490552256588127590,Prescott,pseak2h@forbes.com,cys2nRI9f
91,3573277494723401,Alethea,aboarer2i@delicious.com,kzOguJv
92,5100170044716776,Paxton,pridgewell2j@t.co,UPT5Lmg
93,3588165509830050,Ulric,uchumley2k@surveymonkey.com,E6nvF6ZUZ9TY
94,3562594747049571,August,astookes2l@theglobeandmail.com,PkKf0JspG9
95,3539214332615633,Beilul,bcullinane2m@comsenz.com,NHCJ0c8Na
96,3540699859435265,Payton,pbyne2n@tripod.com,oRLtngjrIOd
97,30278151064934,Kerby,kdurning2o@histats.com,cSl8gS
98,374622293714571,Hattie,hboumphrey2p@networksolutions.com,HAv2wR9
99,3551217371299451,Shantee,sspratling2q@list-manage.com,IR0EFVSc
100,5108752552955425,Cherie,csimka2r@paypal.com,DQbklS6YuvN
101,3574245075032152,Kerry,klink2s@accuweather.com,fktpqlTeWK
102,5018610334273930,Neda,ngrant2t@aol.com,X2OfuqhtubyX
103,3571048280972805,Griffie,gmctrustrie2u@berkeley.edu,W7Ts1mG
104,5482386813498903,Jobye,jlancastle2v@vk.com,dJp1L0K
105,3564170630943291,Glynn,gsorey2w@yelp.com,YAXDAwn
106,3576428949293915,Brennan,bstiant2x@com.com,JRdf7P
107,6761715059302363950,Jacintha,jshine2y@who.int,Q8J9VdwIGi
108,3566011342647028,Hailey,hvarga2z@engadget.com,FlJSrrr
109,5100136168401529,Ettore,eblackbrough30@narod.ru,cpMIqqGkY
110,5574924307613477,Karna,kfeldklein31@spotify.com,cdPKpN6X
111,3561950973797500,Ethelred,eborthwick32@google.com.br,xQxd2l
112,633301062649435777,Kanya,kmarkwick33@techcrunch.com,KMgPq84q63
113,5602211360026516,Auberon,apaffitt34@sina.com.cn,pNaCjg
114,5195262409737517,Ashlee,ajanew35@bluehost.com,DJ9rnON
115,3576446262277372,Rey,rgeratasch36@uiuc.edu,iVzhGqH
116,3571050993630597,Tracie,tdanielsky37@buzzfeed.com,OiNJRgiK
117,201699083957890,Ricardo,rrump38@scientificamerican.com,QiciGCyMb
118,3545048382894793,Elias,ecleary39@admin.ch,RNBhZlXtCc
119,3554980187582678,Lind,lgoodall3a@wikispaces.com,HNAtVwk7
120,3550446964570074,Saloma,scaston3b@europa.eu,cn2xXM
121,374622462688440,Ambrosio,ahamshar3c@webeden.co.uk,GyQk5L7q
122,3533823921074410,Bernadina,bnel3d@ox.ac.uk,7zJ6ZTBH7xd
123,5100133909813518,Rebbecca,rsidnell3e@g.co,c6Wcrl6
124,5100144468595420,Florry,fhaddrill3f@over-blog.com,CyCh6A
125,5449987516373137,Eolanda,emallebone3g@intel.com,rgy2E55CfgS
126,5497976446085565,Blythe,bwhales3h@omniture.com,R1FXTeN
127,6334479627734890,Major,mcoppeard3i@japanpost.jp,aTTZAaw
128,56109424604433734,Dion,dchasle3j@dedecms.com,mj4IuLE
129,3563399129261110,Missie,mronchi3k@hexun.com,fOXEWKTpYhH
130,3551530845265241,Patten,plearmond3l@netlog.com,BcedOKUkt
131,3545351462597348,Ula,ueastcourt3m@barnesandnoble.com,X8oQuWxG
132,4175003814470915,Nathan,nbache3n@washington.edu,H3lLU3TqQrK
133,3529410620473725,Susanetta,sitzkovwich3o@ca.gov,h1GHEiJ
134,5602251698057080,Robinia,rbudibent3p@tinypic.com,rffVao
135,5551780855965520,Adeline,ametts3q@chicagotribune.com,RMUh2l
136,30446241812667,Michel,mfleischmann3r@cnn.com,eIXEFFO7G2
137,3549940078003638,Cristabel,ctayloe3s@wix.com,UXgMCrTPW5s
138,3548059212391873,Yul,ymckenna3t@blinklist.com,2qPk7LuXvo
139,3563146893211809,Leisha,llefort3u@xinhuanet.com,j28wiFCYk
140,6771118736088602915,Blinnie,bbaldree3v@about.me,07fWsqJv
141,3586058216883888,Junette,jgodfrey3w@canalblog.com,gkY6ac1k
142,30470008593799,Raquel,rburcher3x@gmpg.org,w6g3bK
143,374622910475697,Montague,mchitty3y@imdb.com,tgrVwxT
144,3541194199834814,Ram,rstout3z@bloglovin.com,wqrXuKajE2M
145,3588478973552179,Rebeca,rruberti40@marriott.com,cPWdfzS
146,5100142019386497,Tommie,tcady41@microsoft.com,UadfrkZHFhqh
147,4844975181610614,Homerus,hpudden42@skyrock.com,FDflbdVIXPQC
148,3586622947929938,Margi,mosullivan43@mozilla.com,uBcw9fuyaT
149,493662369773552810,Jeff,jseignior44@gov.uk,vwyn77MpYBh
150,3565413810266227,Felecia,fbassilashvili45@alexa.com,WOaaQ5JOB
151,3533030604743440,Julie,jtuberfield46@loc.gov,UioEAGGSwMAP
152,3530330062409820,Madlen,mseville47@infoseek.co.jp,8Nt7mSL
153,3587654284540480,Jada,jdaintith48@springer.com,6IRzlGJsz9
154,3543839098302812,Delcina,dorwell49@last.fm,zYvgbU
155,5038944543008258,Maddy,mbeaney4a@constantcontact.com,DBWGVn7S9
156,3539337264709833,Glennis,gdedden4b@netscape.com,OdWPLbeFKFy5
157,4844029982846165,Linet,lcrayton4c@blogger.com,IQng63Kb
158,3539421111916492,Vanni,vboothby4d@tamu.edu,TOxu22Jx
159,36337748803123,Phillie,pgorick4e@examiner.com,AtQTLN
160,5588373822388781,Cecil,cansty4f@scientificamerican.com,aaCuPXrH
161,5641829158506887,Grenville,gdurbann4g@irs.gov,8vYlkzt1fD
162,5528361803933611,Saraann,strouel4h@addthis.com,qADq7Hh
163,5108755597718708,Currey,cmercey4i@dailymotion.com,CzQMfudb3sF
164,6387494792351277,Gar,gdemonge4j@de.vu,9ksGyD
165,201856961913706,Corrie,cvertigan4k@accuweather.com,oIv0oWKCgY8m
166,3578307396737285,Sergeant,sguiel4l@wordpress.org,m31Wy5mS
167,3588948194879759,Warde,wemsden4m@myspace.com,MuZjF9e8x9G
168,5100145610019748,Eydie,eabbe4n@trellian.com,U1FOw2tbt
169,4453754368550,Garwin,gotterwell4o@cbslocal.com,On5OeQ
170,3558131927651243,Cirilo,cdeegan4p@about.com,ru1KrZXNj
171,3533505750003855,Vikky,vobal4q@1688.com,lrVu7vcPYWcF
172,3544050357606484,Julian,jwhewell4r@msu.edu,rErG3f
173,56022551597954054,Griz,gflexman4s@joomla.org,0OJZoSZwe
174,5038257794830480,Lon,lwince4t@newsvine.com,puAp2DvmE3R7
175,6763804389213785,Maren,mroome4u@tinyurl.com,Bcab8Q7m
176,0604918107289632,Valentijn,vlorent4v@businesswire.com,Z5qxHtY
177,5610503959738463,Susy,sscamerdine4w@smugmug.com,kK12kAuZt
178,4041378835706,Patrick,pgillard4x@dropbox.com,PgTUSiblwJm
179,201685380370390,Carola,cserginson4y@shareasale.com,aF4Fd1
180,5602219121825563,Avram,amonard4z@51.la,4Y9594SnTmKi
181,5406249847778398,Talbert,temlin50@examiner.com,7LPqeZBAOQ
182,3550804039760288,June,jfischer51@patch.com,MfuX3fLe0T
183,201480448091448,Karla,kdavion52@tinypic.com,MU16PC5phe
184,3535045717889607,Padgett,pkerin53@vinaora.com,n4Wd6fTOfovF
185,3560146234641436,Fabio,fmccarty54@biglobe.ne.jp,WL3FVuaDM
186,3556509399849597,Malinda,mternent55@washington.edu,64tdUsG
187,3529761120177590,Kennie,kcreus56@army.mil,ScfOmIkc
188,3561775507666925,Carlita,cleonard57@devhub.com,26wKWzzTqZ
189,374283907699615,Olivero,opantridge58@yelp.com,vl4EawYVvJ
190,63048935860215275,Aymer,adoreward59@studiopress.com,nUsLsDaH0NQA
191,3572407581538963,Ayn,apoole5a@surveymonkey.com,BgDpXtQ9eZxO
192,3578892112282229,Whittaker,wfrayne5b@hud.gov,K1IyvQEt
193,5602244085732290,Emilie,ehaime5c@state.tx.us,8hGNCex2
194,3569840255280964,Pauletta,ptarquini5d@chronoengine.com,xWjXqLsDO
195,3538893921378546,Christabel,clambird5e@state.gov,FlMYq7qcg
196,5010127957922865,Colly,cpettengell5f@hc360.com,1EPoMy
197,346395772046386,Trista,tbellamy5g@squidoo.com,XH0kBl
198,3544851567916096,Adora,abank5h@indiatimes.com,S7lXSaZih4TX
199,374283654321918,Jobey,jjerram5i@uiuc.edu,DRsjENvr
200,3531403918673433,Arni,amacgillespie5j@omniture.com,64VErrF5hK
201,3536100892504247,Frazer,fcordey5k@google.nl,jq1W0Tt9
202,3547606000416071,Jermaine,jdoohan5l@pinterest.com,7eBBoyuFS9
203,30256232180945,Danita,dlegrove5m@epa.gov,xDsYiAT1LlM
204,3550701920695377,Park,plymbourne5n@sakura.ne.jp,85RsPry6I
205,5602257470258473,Gill,gellacombe5o@imgur.com,y9Dms92
206,56105988022425807,Vitia,vcheer5p@uiuc.edu,Ta5Efde7ix
207,3571206151380165,Constance,cfleay5q@mozilla.org,gQl1ZZnLZAD
208,5576646045196311,Carrol,ctremathack5r@com.com,BOZXLjkIv
209,5100173723990043,Gill,gstanworth5s@discovery.com,Lp7KKHf
210,3565715527221075,Monroe,mpolglase5t@deliciousdays.com,q5fXaw
211,3586698059649068,Inglis,igauthorpp5u@gmpg.org,Ajp4LY
212,3543898603687455,Margaux,mwhittuck5v@scribd.com,oKHfZ1hBaI
213,30446867595240,Noland,nsearl5w@nih.gov,gcchKHiXldvk
214,5108757069594039,Tessa,tgaffney5x@g.co,D9iqwlYT
215,677170265789692538,Manolo,mhimpson5y@netlog.com,gx7lkiHDHeM
216,3574419006442828,Leigh,lworsell5z@360.cn,AZlggOh
217,30599479394376,Siana,segle60@imageshack.us,gjHNgn
218,3569709481403247,Archambault,apiscopello61@harvard.edu,AJBNey
219,5272194092780072,Celeste,cwaghorn62@wired.com,8grSDq8z
220,3534209219990252,Imogene,ihighway63@slideshare.net,NflAir
221,3551236858977405,Carla,claurie64@sohu.com,oA1pVLGKsO
222,201838262118623,Kevyn,kbigglestone65@list-manage.com,EVOuqFVLJM
223,30572183019340,Omero,owawer66@guardian.co.uk,8ElCnHv
224,3568576443935967,Tatiania,thargrave67@tinypic.com,sZEf0Og
225,374283060891934,Mackenzie,mforkan68@google.co.uk,23edTbxgYA
226,3567058552160969,Candace,cjonk69@printfriendly.com,C0eTBkQbY
227,3555122899029321,Gregory,gphilipsohn6a@wordpress.com,HQspms0G
228,4508894068467393,Chickie,cshepard6b@canalblog.com,sqoTWBQ
229,201428465433951,Fleming,fshortall6c@discovery.com,hzDUubqAy4Zl
230,6767091826014034520,Maye,mcaddick6d@cbslocal.com,zFuBFqbTn
231,63044130021604872,Andriette,amacanulty6e@discovery.com,yNbhgJ9Nb
232,5147226550675817,Ric,rconkay6f@cmu.edu,TPQG0HlGbZ
233,3574285021922759,Maxim,mbirkmyr6g@mysql.com,kUSoTf
234,4918593942952471,Adrianne,ahallor6h@geocities.com,jxY3DA
235,6333216359289343401,Jemmy,jmenelaws6i@biblegateway.com,T50maD8
236,3530877642294635,Irwinn,inix6j@hostgator.com,hWtuEaet2M
237,67718467832787256,Ainslee,aduckhouse6k@freewebs.com,oY6U7zXRrk
238,58935048497431152,Rosco,rterrington6l@wsj.com,zxYCJX
239,3559732686980845,Ailyn,acallear6m@friendfeed.com,uQIZfLdM1wk7
240,4041379677826,Aurore,aspinella6n@wikispaces.com,Dsqneh
241,5602227740022391862,Anatola,adiviney6o@sina.com.cn,f77jO2wB1R3
242,5583850291134791,Edie,edeveral6p@ucoz.ru,TI8KbmVf
243,5602218699784483,Lynsey,lixor6q@topsy.com,nz3t3Fxn2O
244,30496120592443,Rossie,rstiffkins6r@hexun.com,lt8c5OeR
245,3545487037334567,Adelheid,asouley6s@de.vu,wERSpXQ9W
246,4508851084084099,Lauren,lpilmer6t@devhub.com,0TxwON
247,6331103415048718,Rachael,rpoytress6u@gmpg.org,VMPZRd
248,5010129413984638,Cristal,crhymes6v@artisteer.com,uNebqMdd3T
249,4911210517429283,Kalinda,kcaspell6w@pagesperso-orange.fr,hsrhPz
250,6391247344071338,Brose,bknapton6x@tripod.com,BrjR4P
251,5610987552721887,Leanora,lrawlins6y@cargocollective.com,skXId6QR
252,3583842681097063,Corinne,cquenby6z@earthlink.net,dbi3OTM
253,501896603740035972,Kimball,kdrewry70@senate.gov,c76agCT5B
254,3579472760066981,Vanessa,vkharchinski71@blogspot.com,oFW91GGL
255,6767151095171741,Fallon,fcrimes72@biblegateway.com,CKs9OG1gz
256,3550374352128612,Vasily,vwinnett73@chicagotribune.com,JfxHKYtFY
257,201405491444418,Shoshanna,sforward74@reuters.com,ULwWBF
258,343087021483584,Celle,chadcock75@spotify.com,2EK8506ZU
259,5602211313009486,Betsey,bstringfellow76@abc.net.au,CtVu8RQp6O
260,3554686608774386,Reynold,rshewen77@stanford.edu,2UPQZ6XPOph
261,372301084729112,Cal,ccorn78@wiley.com,yuuArRAEBjU
262,201616942817586,Courtnay,cgamon79@comcast.net,SHmztag
263,3573918035217300,Leonard,lbonin7a@java.com,vQFsdd
264,3560070044096120,Greg,ggregs7b@hubpages.com,whOebJq0kI
265,3574811516733755,Sarina,scalton7c@apple.com,lWaHvyPlb8mS
266,5048373960034787,Clareta,cmccotter7d@seesaa.net,FBMp8OFLNIYN
267,5602232276795069,Isaiah,irigden7e@mysql.com,FLlapi
268,4913685719062792,Ofelia,oryson7f@booking.com,Q9yqYWFmtI0
269,6385488736845875,Orran,ocollerd7g@craigslist.org,fzYev4
270,561002588837700155,Kippie,krittmeyer7h@about.me,49uXmiCt5iSn
271,5641824130996371,Wilt,wburlay7i@com.com,aws01CQW8zfZ
272,675920535844128190,Curran,cbayly7j@wp.com,qMGK0Wv
273,5610440649722740,Meagan,msowden7k@wsj.com,QvR9oIRqa
274,201569955405742,Basile,btschierasche7l@washington.edu,aP37OrMIaQ0O
275,491107360576657333,Kalli,kgeharke7m@cam.ac.uk,ouqBptxFyXR
276,5610304644589852,Robenia,rbayles7n@cnbc.com,Cwe2Ld0
277,3583356706354953,Marylynne,mroney7o@redcross.org,PgbIAYYlTfL
278,676718924680863116,Minne,mnewcomb7p@youtube.com,ZssYcYExX
279,4917650601701895,Farlie,fdyson7q@github.com,bAPXw7SKbDjK
280,3578131827251314,Meredith,mglantz7r@multiply.com,OCSaV1dA99P6
281,3550787473556603,Tedman,tpiper7s@theatlantic.com,myj028LVWWBb
282,5481069737764847,Willyt,wingleston7t@t-online.de,OqVcK7Qblu9
283,3581854362055288,Jessamyn,jhandforth7u@bluehost.com,wJhnBjUX3
284,4017955660725662,Arleen,aeade7v@yellowpages.com,9CbWPloW
285,201686238618592,Kendrick,kvideler7w@hubpages.com,z2oNzTP
286,5100133773139628,Moritz,mchesterman7x@cbslocal.com,Lb1k6le
287,3589075373591580,Ardene,asimonini7y@amazonaws.com,CLRw2SdSv
288,372301534713047,Georgeanna,gsex7z@instagram.com,sQmehFrWn
289,201764741935975,Maurise,mdoppler80@skype.com,i5HI6rEMtk
290,6398115441202242,Oralia,oharkin81@usgs.gov,LECWIcM
291,3554883986859380,Berny,bsylvaine82@ucoz.ru,Ba9oGf
292,4917673866500935,Eward,emcmennum83@ucoz.com,PzgwkwxTaW
293,3546577173323587,Noll,narnow84@mozilla.org,SMhg5KkU
294,3582749905064145,Sibylla,smillson85@ebay.com,hR1T7UdiOy
295,67596714813763500,Frederico,ftruin86@naver.com,wGxr7Og
296,3571365610636011,Gottfried,glangrish87@jiathis.com,Jd5wNc5
297,3583207816200604,Kylila,kenston88@1und1.de,7aQN3ac
298,201592669529375,Kamila,knicholls89@earthlink.net,11AXFLQn
299,3537573038263119,Wyatt,wdunklee8a@java.com,Fzjxylp
300,6767416654877511,Alexandrina,amurray8b@nymag.com,zLn5hCdT
301,5018657093736102094,Trudey,taikenhead8c@virginia.edu,t8NeQV2b7
302,4041372735979524,Anneliese,akluss8d@bbc.co.uk,gjGKK9u2lU
303,5602234901841854,Rania,rtossell8e@cdc.gov,QDWXUe
304,3561343814698055,Lexie,lwickett8f@list-manage.com,ioiEADcE5iQm
305,30510558732071,Lorianna,lsellors8g@youku.com,I1JLDMVeNwa
306,6763377859024457153,Vincenz,vmarklin8h@accuweather.com,SnDGyQlMfyEz
307,5602253655040224,Annnora,acroxon8i@prweb.com,ajeNGpiLb3Ls
308,5893634058622197,Lavena,lwitcherley8j@altervista.org,ZSpbM1E8F
309,201693967047464,Marthena,mhollow8k@twitter.com,eVyL5i9OF6q
310,201500098823152,Suzie,sclaisse8l@google.ru,vtWMuRR
311,3553828832422967,Thebault,tlongstaffe8m@cocolog-nifty.com,LWhjr6
312,3584116309759068,Fabiano,fkennally8n@indiegogo.com,mIU4gPiFB
313,36715242034438,Jasper,jhallbord8o@purevolume.com,D9grUAirQXR
314,56022511705610493,Tess,tlerer8p@va.gov,blOTfEZpOe
315,4936711084219396,Adan,abarhims8q@infoseek.co.jp,y4lmPQu
316,4026536287137025,Riannon,rtennet8r@reverbnation.com,f3SlNlwpFVd
317,5100147634353566,Richmond,rjonah8s@ustream.tv,weczo25
318,3578334750119264,Abagail,asummons8t@reference.com,3HzHDhSpLTSJ
319,3537680466861072,Freeland,fqualtrough8u@freewebs.com,Os6UDs
320,675924456486821438,Berti,btitley8v@unblog.fr,80L8jgJaqz5
321,3568010331969433,Erny,ebottoner8w@cocolog-nifty.com,On8aAR
322,3583304213575504,Kean,kclarson8x@dot.gov,6mUz8eoa1gC
323,5100173360383668,Yehudi,ygadsdon8y@unicef.org,QrHyA9j
324,6761246089053818116,Glynn,gtinsey8z@lycos.com,nDsVDrkuOS
325,3573248433819600,Elisabet,eshephard90@businessweek.com,zYdU3vllqfS
326,5108755608124052,Corney,cstoneman91@shutterfly.com,x5ghTVWI9
327,30442691566895,Conchita,cdillway92@opensource.org,O31qxChB
328,3551463612489572,Rosanne,rwilkins93@edublogs.org,s5yMfW3Bxr
329,3534110842314086,Allistir,afilipson94@altervista.org,rJfNevm4jv1M
330,3570998780808779,Rollins,rcomford95@illinois.edu,1EDVauuEYP3o
331,5602225692967585,Nataniel,nupstell96@mtv.com,hbUUufBoyB
332,5048376577788984,Simone,scawthorne97@yahoo.co.jp,hYpuUTfWx7s
333,5118100838584023,Lauraine,lsnare98@t-online.de,xqsIkpJ
334,30313987196913,Jacqueline,jmcsparran99@sphinn.com,f6NIIN5hEl2
335,30172618680103,Nichol,nscotfurth9a@yahoo.co.jp,SGQMKITw
336,3539867145338691,Leonore,llinfield9b@barnesandnoble.com,WwQeVaC9
337,6763169291123379827,Denys,drudgard9c@posterous.com,JQZ3NjsFSlvE
338,3561296813679601,Irina,idimsdale9d@google.com,w9JCj4BgK
339,3530132232446850,Broddy,bfelix9e@examiner.com,rP6yV65H
340,5020131153138324,Nicki,ndaughtry9f@privacy.gov.au,JIsUEpSrVKV
341,3531267081518372,Carolee,csimonsson9g@skype.com,4uUP2Ovcyt5
342,3579233870488808,Lena,lheeran9h@slashdot.org,OzEAJzpay
343,4634329403606,Jackquelin,jwoollends9i@reverbnation.com,NnPDkZj9
344,4175008381361454,Terrell,tneedham9j@mayoclinic.com,stQ9umB
345,3586761287129426,Luelle,lfacchini9k@seesaa.net,j5ZnST4pHy63
346,5100131433037760,Orion,ospoole9l@google.cn,CG6ZknRLgMs
347,3582321952044766,Tatiana,telleyne9m@java.com,XKi6uGZW
348,3571957321374534,Pavlov,plambswood9n@nba.com,4Q5ZMUtJ
349,6393166817839708,Wolfie,whassey9o@etsy.com,iMTuA35uPr
350,3552179205098088,Leicester,litzhaki9p@icq.com,WSO1fx
351,30577689208313,Benita,bdengel9q@topsy.com,oU6KaOd
352,3547765846305136,Erika,esidary9r@economist.com,jCBU9HY9VVJr
353,3577775327045872,Daryn,dparadise9s@sciencedaily.com,300WeDt
354,3550727262936590,Gertie,gbengochea9t@geocities.com,0I3t1i8y2H6K
355,30210319765748,Wendye,wheister9u@surveymonkey.com,xib18YJh
356,3557184888103119,Meghann,msteynor9v@cdbaby.com,lWnIfklTf6mb
357,3561398683533338,Kyle,ktimmons9w@msu.edu,RMAPURt7n2
358,50208502146202965,Corissa,cmatthiesen9x@amazon.co.uk,vcNMvBX0
359,3589901293644987,Ivory,ihaydney9y@digg.com,NUiRv9F
360,201506913892694,Elly,emelarkey9z@list-manage.com,w8uNM0
361,56105072483998675,Wood,wdomelawa0@rambler.ru,eFcCCujrN4C
362,3582102822977603,Dell,dshanda1@pagesperso-orange.fr,tAA8OmK
363,30515756295680,Lyman,lmoynhama2@google.ca,kLVwNoxHlSQ
364,3552467826352558,Koral,kbulcha3@imgur.com,8MCGCd
365,3585068960374563,Keir,kcameliaa4@parallels.com,PSeQGy
366,4905688847064417,Diahann,dtremaynea5@cloudflare.com,5GeKiy2XhS
367,4026605184538740,Didi,dridlera6@zimbio.com,0Bk0b73CY
368,30580559338319,Archibald,agennericha7@liveinternet.ru,5GIkX7
369,3568385886273880,Siobhan,smancea8@discuz.net,6rR1C1MSeM6U
370,30329534400202,Junia,jbenaharona9@vk.com,tI5We4xkmVSb
371,3555434661280622,Oralia,ochingeaa@163.com,kDMZ2uSeosrI
372,5610020324796562073,Ardeen,ahitzschkeab@gov.uk,59FGKQyBF
373,589361013401568157,Park,paudleyac@kickstarter.com,U66df7MeHmqT
374,5602229577239383,Donna,dmannevillead@usa.gov,e1uSIT
375,201980291951473,Percy,pfleischmannae@simplemachines.org,vpSSDg6x
376,3569706956079866,Auria,arolstoneaf@shareasale.com,i2ntje
377,3589350040894968,Zebulen,ztitterrellag@va.gov,jc1G4E1W
378,4911353553631286288,Vally,vwaistallah@oracle.com,WU4y8A
379,3563639653225589,Darci,dstandishbrooksai@indiatimes.com,0eOIZ0aO
380,3580779610698657,Korry,knassiaj@themeforest.net,B4G8f6T5QG
381,3581171650103468,Ripley,rmorseak@toplist.cz,CiC2KLnOh4Pa
382,201901955078403,Andras,acolumbineal@usgs.gov,6QwplXP
383,5562576079480057,Gilbertine,gbaumanam@dell.com,dWNTx2DrlBEO
384,3540858306707052,Devlen,dackeryan@dell.com,yHLeFXL7jwL1
385,374622876669424,Cortie,cnarracottao@squidoo.com,vKSqBn
386,3579476689061635,Manfred,mdominelliap@admin.ch,wwiMT34ZRFNM
387,3533546839914597,Enoch,eazamaq@wordpress.org,PenSal
388,6331100459336926,Evaleen,esutchar@eventbrite.com,EB3cwxR2
389,560222068431955907,Moshe,mluckieas@auda.org.au,272H6mzX39E
390,3532889927476173,Isidoro,igaythorpeat@mashable.com,nRgvcNU4WB
391,3534391433435080,Ashla,aberreyau@mac.com,U9TlBaKm
392,4911084385160785513,Chadd,chealeasav@tmall.com,98KZtaecSM
393,3560841752837883,Skipper,sriochaw@sogou.com,JZ5ieXqsW
394,5434898767639893,Benn,bcreamenax@netlog.com,QutTSdk
395,3565322793158196,Sheri,sdoughartyay@craigslist.org,bzd23QXYM
396,676275611031113698,Natty,npattingsonaz@nationalgeographic.com,Xo9L7lXb4u2
397,3554907020411534,Lola,lgrigorianb0@oaic.gov.au,7XGJMQXS6C
398,4041372917199214,Betsey,bslowanb1@technorati.com,XzmbVkLM
399,3577604333700850,Aubine,arissenb2@gizmodo.com,eeckPULh
400,3555034042638173,Ivan,icappellb3@gmpg.org,jfwTcBATIQ
401,633110238990609365,Hailee,hcrossbyb4@g.co,cbMVqEeo
402,3561998300507126,Langsdon,lcampab5@paginegialle.it,7ZHPBTg5SCZ
403,6304933679120717320,Ellie,etumilsonb6@ustream.tv,3zkK32g27kP
404,3534607610951429,Even,eridgedellb7@deviantart.com,mu5j26PlEgXH
405,5007665361819974,Cirstoforo,cfurnessb8@nih.gov,Eiau1O3
406,342839460104423,Yurik,yshemmansb9@ft.com,1yuy7uKqIEd
407,3559917748894387,Berti,bgentryba@uol.com.br,mXUdwnX
408,3539432717062227,Fletcher,fdoudnybb@buzzfeed.com,ALXeFNlEu
409,4911219469435826,Herta,hmorillasbc@nationalgeographic.com,HEl1lkChNAd
410,5100144757399591,Pattie,pgwatkinsbd@abc.net.au,4SdKbQI9s
411,560225088399041216,Jess,janniwellbe@phpbb.com,C4Af4Oz
412,372301170653556,Kermie,kscarrebf@intel.com,Cu9PUoa2J0Lq
413,3534784436520108,Dacy,dfleybg@unc.edu,AhQPvr
414,3583096537219880,Felicio,fattwaterbh@discuz.net,MV00vqJGF6Nn
415,201968450413492,Otes,omewhabi@dropbox.com,Tw4CqaP0
416,3546763129701999,Aurilia,atabourinbj@youku.com,SpfCqU9yTb
417,3538438014259664,Lynette,lcammidgebk@hubpages.com,6N2ejnA4Pv
418,3550709623903675,Galina,geydelbl@gravatar.com,2NkmDLzK
419,3548771620692722,Abbey,ahannafordbm@bluehost.com,Mq2b8fE
420,3536428233744440,Frankie,fheyworthbn@vinaora.com,OMHfG3Wr
421,3564365788569126,Natalie,nbrightwellbo@twitpic.com,nm3aAQShV
422,4905370771322370499,Klarrisa,kmaccumeskeybp@google.com.br,4eDPDmegaWtj
423,3536819346853104,Hewe,htolanbq@yale.edu,WYPLVPCtwy
424,30449521069347,Emelyne,emuirdenbr@theglobeandmail.com,CXQVHUm7qf1N
425,3560016799653540,Annamarie,adomelowbs@edublogs.org,QwmVup7wcRS8
426,6761232809082760807,Jolee,jgavaghanbt@geocities.jp,QbT4XVR
427,3529084469083109,Earle,estockowbu@so-net.ne.jp,LKQ8UPsQTvQ
428,4917077886125311,Chrysa,cjarambv@ucoz.ru,Tja3FOTOg4
429,3544651605216636,Mary,mcruickshankbw@ucoz.com,2vimFIko0I
430,4917154743010893,Dorena,dbasshambx@linkedin.com,4ReQi1A
431,374283902725530,Melitta,mstrattanby@sphinn.com,KIMvwf4B
432,5020095851610704129,Chaunce,cjordonbz@hugedomains.com,totl6uC3cE
433,3586718719757927,Sebastian,saxtonnec0@slideshare.net,zfagfe6S
434,3582028900416190,Rollin,rsmootec1@ask.com,e2AHLyDH
435,5269003333962412,Bianka,bcrilleyc2@slashdot.org,tBFBNU
436,3576374889523319,Heda,hdaymondc3@census.gov,ffc2373qpDAl
437,6759736041910368828,Nani,nmansuerc4@devhub.com,lHN7NMrK
438,3572295909234989,Laurence,lvostc5@guardian.co.uk,GHbfj7mZ3KGD
439,560222977866141918,Wendi,warkillc6@over-blog.com,xTNU7gyzF
440,5505383914411078,Lavinia,lperonc7@biglobe.ne.jp,mquahzeLM1Qg
441,3549915575810982,Annabela,alaingc8@google.co.uk,iZViiv7bzH
442,374283538649575,Kent,khawkshawc9@baidu.com,W5q11pcb
443,201466578616781,Alyosha,abooneca@plala.or.jp,tK1bm2ipx20
444,3577449176521744,Roman,rdeverilcb@parallels.com,TbiTdkuHB
445,3554933708860792,Sanford,sedgerlycc@squidoo.com,KaIUkpd
446,5602225115041976,Annadiane,arutherfordcd@hugedomains.com,aGzF1mbASXwG
447,3579858477110312,Rikki,rchubbce@howstuffworks.com,mB4I6ESA
448,3582270424456639,Christabella,ckiftcf@cmu.edu,rSuyrMho3Mr
449,4905552933592576,Philipa,pgoffecg@devhub.com,49Tsa8jLlrR
450,3562175041924618,Vanny,vbruslech@artisteer.com,BERUOVAEaFf
451,5610619444545955886,Mauricio,mbricknallci@etsy.com,gGa6Oz3s
452,493647809596406629,Eben,elabuschagnecj@google.com.au,6izcDXYiOsK
453,4175003679049770,Jori,jforbesck@deviantart.com,NVtsSfqhMZDF
454,56022126197579310,Karen,kjohnsoncl@wikispaces.com,Kb9iBbdwSpo
455,30374586510656,Lucie,lbendellcm@prlog.org,0OgL9Uxc
456,6399725037590633,Sax,szannotellicn@diigo.com,NFlcoXZ
457,30534114969167,Kendell,kgravenellco@sbwire.com,EoU35rtZfwHs
458,3570821732501021,Theresina,tbeadhamcp@usgs.gov,alWYkiiAqQ
459,5100140332559964,Bogart,bbenhamcq@squarespace.com,jgMZnv6ZTj
460,5100145058005654,Gilemette,gkimbellcr@ox.ac.uk,gfECFiZgZHBj
461,3547082357679820,Marika,mgaydoncs@fc2.com,o2Ryml0BXQ
462,4679093002803,Wilhelm,wbelshawct@creativecommons.org,HrR1juZDVaa
463,3570509260078419,Laurie,lshernockcu@amazonaws.com,cax8VhUVlX
464,3549398517136693,Cynthy,czorzonicv@google.com.br,LDXAu7y
465,5468408365743847,Ebenezer,ewhitnellcw@hatena.ne.jp,SmXmVAbTcIrw
466,3532387701219778,Loralee,lcolkettcx@bloomberg.com,lVQ9J9S
467,5229456197607748,Kimbra,kgoggeycy@diigo.com,x1A3MsxYrPx
468,3581149362578615,Nev,ngeeringcz@yelp.com,9oOlV6iC
469,5002352564996488,Minor,mgalifordd0@omniture.com,e6h1cbyEsr
470,3530751433110781,Franchot,fschleicherd1@ftc.gov,C4p2ST5W
471,3545732679105522,Eal,ealbersd2@skype.com,q5MYBqoJ
472,3549084024427094,Ingram,isawdayd3@hud.gov,MknoeA9ftnk
473,3537318013989043,Gustavus,gcottisfordd4@flickr.com,QX5TCmvgo58f
474,4844692344387036,Valida,vadind5@discuz.net,tJeCThmFf5y
475,3586133675232545,Bab,bsturzakerd6@census.gov,9Bilgo
476,5100170994252806,Web,wortzend7@mail.ru,WwWdAtKqrJ
477,5020413744464621082,Ardith,aobyd8@adobe.com,pEaCEF0TRYbg
478,6386705685238045,Guglielma,gcroalld9@phoca.cz,pmUyMK
479,5100137061624670,Reginauld,rdesaveryda@friendfeed.com,5Ag5H5QawDCu
480,63045796849859937,Kim,kmiddasdb@ucla.edu,JeQ9CLzdLNK
481,201444121894007,Gert,gcellierdc@weebly.com,TEVVVPY
482,56022114106219442,Davida,dchoatdd@deliciousdays.com,WEkRpRMV
483,3540787839245936,Sheilah,smatede@cdc.gov,huaCoGyiQqJ
484,3550918015029250,Fidela,fdarnbroughdf@alibaba.com,y0zodxfWq
485,5020404018760883,Pen,proystedg@deviantart.com,uFXIrq822LvR
486,3568984980456159,Terrance,tdyballdh@google.com.hk,va6RO9zaYN
487,3538628653396963,Lonnie,lfishleighdi@bloomberg.com,bOwe9z
488,3530008026004701,Graehme,gcoutharddj@webmd.com,IDiHAVH
489,4405728728892802,Lauren,lshelleydk@smh.com.au,0qD9tDu922o
490,3560347769068306,Tracey,tgrennandl@ustream.tv,5JtAEudYfL
491,4026638934650994,Milton,mhasluckdm@imgur.com,FG5Amdk0z
492,676240142712253258,Lucian,lkalderondn@baidu.com,p7J7c1y1ws7d
493,5108753324840804,Casie,cdawltreydo@xinhuanet.com,hVvAFndpfMz
494,3572384687774604,Evered,eswinyarddp@cbc.ca,LNyxBHx1
495,3553647381957961,Farleigh,fmillsondq@uiuc.edu,4VKGhy
496,30099949538439,Henrie,hdrakersdr@harvard.edu,UPb00I
497,6767138715585514686,Fenelia,ftodmands@globo.com,xGxw4xP
498,201946973091136,Rhody,rbowlddt@techcrunch.com,jKsqhTS3
499,3573141151784520,Hedvige,hghidonidu@reddit.com,8Uwl3nlepLT
500,201570794500198,Guenna,gmeakerdv@admin.ch,MRTqY2lTPT
501,5641824383386635,Warden,wcleevedw@mediafire.com,108A5sB4GdN
502,3545910074969490,Maure,mcoweuppedx@mail.ru,g16wwk504
503,201626680217154,Xenia,xdawburydy@about.me,pVRylIt
504,4041597098077215,Tammi,tcanelasdz@usgs.gov,W4NjLgahG
505,5602235814380930,Ianthe,ivenarde0@salon.com,r6Ra2ZKTnj
506,6389539953438947,Prue,ppolke1@youtube.com,2Vf9eKbyA
507,3586419315767382,Valle,vpoughere2@sfgate.com,vx8WLP
508,6767780401898614668,Didi,dshoemarke3@springer.com,2zxssRTkEIz
509,67628051180481099,Timothy,tlammerte4@networksolutions.com,TvhekMAXHy
510,5602249546324454,Stephine,scicettie5@ask.com,CiTlGEeN984j
511,5602217879309269,Tiphany,tbaxtere6@de.vu,2kn6HTqh2
512,3538087974246003,Lewiss,lconnolde7@jiathis.com,pjzkw7
513,5108754526087798,Boris,bpammente8@senate.gov,L9y0k2jbH
514,30178324335379,Carolus,cbarberae9@jimdo.com,YplJTNbD
515,3551007668193743,Manda,mjankiewiczea@ovh.net,IyRXU30
516,342010051119234,Roxanne,rantonseneb@berkeley.edu,FqQQdAqnY
517,3572448877650641,Steven,sockendonec@scientificamerican.com,fRGvsS5PAm2
518,3550013131122229,Thedrick,tcamilioed@jalbum.net,XYCdcx
519,3572903713502778,Elladine,emunginee@mapquest.com,FqhhPUYa
520,3587516965269871,Beau,blynasef@sogou.com,qRaY3H
521,5278901829249757,Yale,yketcheneg@newsvine.com,R31CgI
522,3586167478908646,Jeri,jgiorgiellieh@army.mil,vyCx0CW
523,3544223560271731,Lulita,lbrunrothei@mit.edu,15vwDnqDwqX
524,30301763798663,Adoree,agregorinej@home.pl,yOfbEyCqk
525,3574089843269930,Joyce,jmouthek@de.vu,QH8xKo
526,67617992807395639,Jobi,jgallierel@hexun.com,UtiAEAU8bG66
527,675919216987865749,Roxane,ryosifovem@blogtalkradio.com,yfLXW19
528,201901533843583,Jeffry,jhallwellen@reference.com,fzjggPqEG
529,5134477248501379,Ainsley,astorereo@bing.com,4NOYqiX
530,5020187050027234,Gasparo,gsisnerosep@seattletimes.com,K8jy9njaydwl
531,348608761130948,Gaile,gschradereq@cdc.gov,RgXXJfur
532,4913980676828149,Sidonnie,shasliner@icio.us,w41ZdS782XTm
533,3528816874862010,Hetti,hecclestones@ibm.com,fHc77IEJF
534,5010126911510014,Morna,mwaszczyket@t.co,Y2JmzySy1
535,201996899524561,Emmy,etoleeu@networkadvertising.org,w9hp3aW
536,5010125690761046,Alejandrina,alodevickev@last.fm,dKPiDc2
537,3543129036953367,Geri,gtodariniew@eventbrite.com,AFl36DC3
538,201697924635071,Anderson,aslesserex@hostgator.com,LgVksH1a2OX
539,490542764609597561,Cissiee,charyngtoney@lycos.com,EuVk567bm91
540,3573920808666424,Gan,gmoehleez@miitbeian.gov.cn,AwLJ1Bz66TCA
541,4017956645188,Haskell,hkileyf0@illinois.edu,4t8x0VWT
542,5602215210203043,Dorena,drufflif1@51.la,jpb0sN2o7B
543,3528231997501554,Patty,pmouldf2@theguardian.com,FzcBQDOZ4C
544,6709972381829606,Trace,tdousef3@bizjournals.com,6YpXUe7tz8
545,30352415844959,Rourke,rgambellf4@google.com.hk,QYme3aexp8Ui
546,30408954859459,Stephenie,statef5@opera.com,5Q7VfI
547,5100178795716507,Bron,bfickenf6@51.la,3It6P3HWsOv
548,6331104793978376471,Davin,dstoyellf7@diigo.com,9ebUjtQ6W
549,3542831966518562,Amandi,aphilippetf8@artisteer.com,1NsVsRxBX
550,4911301985803352899,Deirdre,dbladgef9@opensource.org,kxN6WV
551,3572489669824978,Bev,bkassmanfa@scientificamerican.com,sxtFuorA
552,3586663299732736,Sephira,sjorisfb@yellowpages.com,B3yh2JhiH
553,201544130485273,Patten,pjessonfc@va.gov,DaiKr23Q9sUi
554,201467187362742,Louie,lfluckerfd@jimdo.com,EF9dLPla6Fh
555,3568516320851028,Myrtia,mbiggamfe@yahoo.co.jp,lj1Eqt
556,3551807422649694,Abe,adorrinsff@blog.com,GH9Oh4yFv
557,589354355351837440,Abraham,amerrellfg@csmonitor.com,ke8FbR77tge
558,3530829005228015,Tonnie,tballingerfh@ucoz.ru,C7cuQB
559,560221207743858141,Marsh,mdurwardfi@zdnet.com,H7DEoyziu
560,3579734670133320,Raff,rhanhartfj@vistaprint.com,Rakr2a0sLM
561,5100176231550639,Gar,gwreyfk@reference.com,Y86fBg0vnufo
562,4017951058510,Monah,mfortonfl@nymag.com,3DoWL04c
563,56022166227698409,Tabor,tyushkovfm@noaa.gov,hka4tUoVZ
564,5100174359748507,Tobie,tolenechanfn@gravatar.com,LhKHlbqG4wH
565,30027025849883,Nickolai,nsurmeirfo@imgur.com,GYnNeGINWRA
566,4041591463806811,Fey,flostyfp@comsenz.com,2hbccAd9wqZa
567,3562600335869609,Barnard,bbellamfq@ask.com,MywQbJhJm8W
568,30209573683894,Kyrstin,ktemporalfr@liveinternet.ru,2quC49BPsPV0
569,3530014235657735,Kattie,kcornelissefs@hostgator.com,EBPRvtbLEqJA
570,3555024963253334,Shirleen,smcclaughlinft@meetup.com,jiCIt11VclJJ
571,3574542274011098,Marilyn,mfergiefu@macromedia.com,dPlmfmsXpV
572,379119121489927,Currey,cshielfv@discovery.com,krdozmDfGoN
573,3542898043798079,Davis,dkerwickfw@uol.com.br,t4ceowvB
574,3539703473822917,Wandie,wjacobsonfx@t.co,sNNdXPcS
575,3560562314850475,Adelice,afitzmauricefy@biblegateway.com,Fk89vAu
576,3577259582066188,Prudence,pdonefz@moonfruit.com,GrrnP60
577,5602232352605836,Jabez,jmurrowg0@cisco.com,VbUx6A92
578,3529853401164742,Tibold,tcarthyg1@narod.ru,A4hb7A
579,5018911215871591326,Taddeusz,twaliszekg2@usda.gov,b1jKcjgjMbwU
580,6759269450112363,Fedora,flembkeg3@seattletimes.com,2uLU9ikEx
581,3534488360664938,Grier,gbraffingtong4@cisco.com,IIn8BjN4LEt9
582,5481925035194674,Zerk,zbanceg5@symantec.com,i2RMiM
583,372984200864051,Chelsey,cumang6@dailymotion.com,I49XX8oFluV
584,5602258624745787,Charyl,cgreenroddg7@biglobe.ne.jp,Yc5ZtaC
585,490334017076478860,Olympe,oyvesg8@time.com,NUmydQ
586,30557470612071,Winston,whoofeg9@yale.edu,buUcakVmyu
587,6331103750638842,Melly,mbritnerga@smh.com.au,9wVz2jo0WJSc
588,5610827371471704,Andree,ahardinggb@theatlantic.com,q9zSt5td
589,201554441664334,Denise,dsargantgc@dropbox.com,Z6TEwBH
590,5100173536474516,Merilee,mfowldsgd@paginegialle.it,w5Z6wIRpBAAs
591,5002353987554441,Jabez,jnottlege@google.ca,DVcZkweifNTv
592,5602246138660879842,Camille,cbettisgf@blogs.com,2HPTdTPDGPy
593,3543771100383987,Carlota,cclausgg@nhs.uk,YPWxXdP3
594,3550544240831854,Horatio,hchatelaingh@ehow.com,9yO6ppD
595,3538724596902924,Erica,eodaregi@1688.com,cRejjXcVv4
596,56109827714358049,Poppy,phandasydegj@icio.us,EvBEkMCT
597,3545387865579004,Javier,jcoggellgk@dailymail.co.uk,UDdQBJM9FpZc
598,30140667272411,Hube,hmolsongl@fc2.com,87Tzp1duoa
599,5100140702776891,Cymbre,cbonafacinogm@hao123.com,UQ5J2X3H7
600,560222684509181562,Frederigo,fsimionegn@latimes.com,Dm8QDuGk
601,3589873900671770,Raquela,rowbridgego@umich.edu,OAAvjpUFyT
602,5010122198474313,Christen,cbensengp@elpais.com,IkUTx3sAhHQ
603,560223421051739623,Tedmund,tlowresgq@histats.com,G86FnaOuvby1
604,670691028654443402,Oliver,ocarverhillgr@elegantthemes.com,Tyn5fgE
605,5602247137330179,Garek,gsweetnamgs@amazon.com,SvDpTkBX
606,5610332425214085,Silvester,smityushkingt@storify.com,HjuAIpTl6
607,5602238365294278,Ibrahim,ijillingsgu@mlb.com,AM94opBa
608,3541931354207389,Robby,rteggartgv@wordpress.com,ztArRPGrURO
609,3531121475699951,Stella,scutbirthgw@epa.gov,D1mAwkCDJU
610,6331104849874091,Jacki,jshimongx@springer.com,Rl5K4kCR
611,4041370291949097,Yule,yseamergy@illinois.edu,CvPvzJ
612,201623394263095,Jocelyne,jransongz@redcross.org,gOQUEi9
613,3568602992626946,Faydra,fedwickerh0@apple.com,tGsDileiricH
614,4903671337125163,Bert,bberzinsh1@amazon.co.uk,fY18pZ8dj
615,201452527592638,Dotty,dmatterish2@vistaprint.com,L1FmmR7m
616,3586472773689127,Ignaz,iwardroperh3@bloglines.com,E5MsN0or
617,5038283074073443,Kleon,kcuxsonh4@wsj.com,rLmsOlg
618,67717213729571689,Jewel,jpetteth5@wired.com,7tkVbXr
619,3534433217261843,Cart,cvowelsh6@unesco.org,9ZAZzMTvZ9I
620,676208907975896062,Delinda,dvandersonh7@artisteer.com,TvyaWPsIg
621,4917155687527255,Alexandre,amapledoramh8@yahoo.com,AxbCeX4LIL
622,3534870080424570,Oliver,olivensh9@list-manage.com,Q2FtBn2
623,3535882158131994,Fianna,fdareha@home.pl,LCDSPq
624,201751500216432,Doro,dmattaushb@engadget.com,bpgK1m8GEVQI
625,560222254526988108,Laurent,lcellahc@google.ca,GYgIEvv5kO3
626,3557381563738512,Aleta,ajeramhd@sohu.com,7OXdnbgzu
627,3552858834705060,Torry,tlaurenshe@senate.gov,WDO4Pb
628,3556846986972584,Nikolas,ncockshothf@tinypic.com,R1S3vJc
629,3541388154588189,Westley,wbonsulhg@noaa.gov,z4eC7PFXYZD
630,3540572190930932,Burt,bagarhh@squarespace.com,FGw48zfVMDT
631,5002359339537364,Arthur,adelloydhi@about.com,JqrrEDsDIJdB
632,374288402484256,Bernie,blougheidhj@vistaprint.com,OsNBn6
633,4041590301247618,Reiko,rallinsonhk@wufoo.com,xDknjYc3Xe
634,3571995695709646,Quint,qyaxleyhl@cocolog-nifty.com,VD1hzWUfS4G
635,3529189098404970,Helyn,hfearnsideshm@taobao.com,1HI6LggT01
636,3557681776827352,Gabbie,ggilliverhn@hc360.com,7CLuXU80ies
637,3569138703757273,Prudi,pvernho@free.fr,PVR6kDiaZI
638,3532778377971959,Jeanne,jfulkerhp@oakley.com,Oqq95G
639,5048375524246955,Killian,kmussillihq@wikispaces.com,rHfW2PnU
640,5602219993981346,Ernestine,ekinanehr@nydailynews.com,MJP6p0L
641,633334645681513401,Granny,gvasnevhs@xing.com,pBTtzAUMoy0
642,5641820535009064964,Hakim,hmccrackanht@yale.edu,wKTREFTQdj
643,3535439856213994,Hannis,hoxborrowhu@simplemachines.org,fFAkutD6vC
644,676307579598523603,Constantin,cyedallhv@goodreads.com,wTaMop8aNUcr
645,5641827335259385661,Midge,mgravetthw@google.es,MZF26CDJjEm
646,3549404251169542,Thatcher,tquartermainehx@wsj.com,9UAm4hkuM
647,3553480420198904,Lianna,lgrayshanhy@unicef.org,ihxQDm3A
648,5602218182256817,Samuele,scolliehz@about.me,6qPI9IUz
649,3541534585559113,Shaun,sbrouweri0@ebay.com,CqQXUbrQHA
650,30358102957939,Chip,cduffetti1@ocn.ne.jp,eF3H5kibLPV
651,3541084747360679,Mia,mcollerdi2@cnbc.com,FxrShe
652,6761140812794551036,Tymothy,tpieteschi3@mit.edu,OwsO2b012
653,5048377717950062,Isacco,icarloi4@businessweek.com,wAnF7b
654,3554796246465410,Washington,whospitali5@cnet.com,k9qWuY
655,3585540799879798,Yves,yvanderhoveni6@mit.edu,Q7ZTcCKcZHYE
656,30499356453231,Hansiain,hdegliabbatii7@slideshare.net,oObeZJXG4b
657,3552564222298185,Burlie,bmilnei8@netlog.com,pvzHIbUDE
658,3564167534282263,Emmott,erosettinii9@vimeo.com,YYAXlYr
659,5602257321355726,Terry,teckertia@indiatimes.com,a4rjG4U6a
660,0604822339827955,Odette,olaterzaib@barnesandnoble.com,PI0Bx9
661,50200806840436698,Zenia,zcollifordic@nationalgeographic.com,49KJgFO
662,4844805317827925,Karim,knowerid@fastcompany.com,1LJhXHtcDCc
663,5100144797248618,Rowland,roglesbeeie@liveinternet.ru,8sQqODiZl
664,3533969721776231,Rhianna,rwarkif@mac.com,V6xd1vcZ1
665,3555884441808706,Bess,bseivertsenig@lulu.com,mQDKtfUR0hk
666,6761911270940715,Randolf,rrodenih@51.la,2Qifk0
667,6382955415295047,Hinda,hlitelii@linkedin.com,hR00Le
668,201471270081540,Carlen,chopkinsij@soundcloud.com,BqoWEAbY8
669,3585006428344950,Monika,mevaik@technorati.com,SgYsbu
670,5326753823648803,Hendrika,hgrabiecil@gravatar.com,RMwl9ntLb
671,374283397503012,Selena,snottinghamim@simplemachines.org,22F8p7b
672,5602253787946817503,Ettore,etokein@earthlink.net,aK42tUn
673,3575388110924782,Alma,alandellio@google.es,mnaTMQOd8w
674,4026797380754500,Annecorinne,aportip@pen.io,aGRdPPV1P
675,3530115563695088,Sorcha,sbottbyiq@va.gov,MCGZ32U
676,30532296509009,Kristo,kmetzkeir@cbc.ca,zmHU70QnMka8
677,63049129886067360,Althea,ahaingeis@nyu.edu,VPKn1V0j
678,3538819668342478,Gusti,ggallierit@cam.ac.uk,7MswMA0S
679,374288420822958,Lefty,llukasikiu@loc.gov,3L9mGd
680,63045396192909973,Lena,lkeartoniv@cnbc.com,aOpQ5UmY
681,4026266960957842,Misti,mfeldoniw@theatlantic.com,1WUOfaT
682,0604239816087597143,Ewart,eoxborrowix@dedecms.com,NbCfBxb
683,5100131694831083,Lianna,ltanniy@epa.gov,6VjoIuz
684,3552803259713926,Nicky,nlilliz@indiatimes.com,YH6SFRi
685,374288147543739,Nadeen,nlayj0@jigsy.com,5ezWbUydSZe
686,676706773572028708,Hyacinthe,hmulroyj1@census.gov,kq1WKqChCe
687,3541596814251887,Blaire,bglantonj2@goodreads.com,RwIKS4
688,6706477620129852,Jordanna,jheusticej3@springer.com,XMbhsr7
689,3571899232759082,Dena,dpedrolloj4@aboutads.info,DHbk6MeQ
690,30314711122860,Cyndia,cforcadej5@hugedomains.com,HtJ0HrtO4zn0
691,6771667350327619063,Joellyn,jcorreaj6@nhs.uk,AvrKU1viB
692,30446580935814,Helen-elizabeth,hshrivej7@stumbleupon.com,Nl7nVLu
693,5602210143631980,Savina,sseathwrightj8@dedecms.com,T4KzKtW7u
694,3560565755133186,Zed,zeddiesj9@hc360.com,2yR8ftLJ
695,5002357428391933,Cherianne,cfletcherja@oracle.com,s0fKuZAUGRO
696,6334742830646737007,Calli,ctwelljb@hostgator.com,mBuWijLkez
697,6759522324251705024,Gerhardt,gglasgowjc@aol.com,gygytz
698,67094050517677499,Cindie,clambournejd@squidoo.com,2L9kMj
699,340306351975610,Rudd,rrawlingsje@hugedomains.com,5uotPA08bM
700,201643857389104,Dick,dburrelljf@nature.com,Qw5R4veru
701,6762308744410768577,Carolynn,cstalfjg@youtu.be,LlMbHCXJ3
702,5539530927188040,Emanuele,esmallsmanjh@is.gd,IipGrDyWdz6
703,3552032972044266,Conni,charvettji@fema.gov,8Pizz1JnZNl
704,502023151144372033,Benni,bbellengerjj@cbsnews.com,bbvI20l5Q9oc
705,3553508474996102,Christan,ccaplejk@rakuten.co.jp,mO54FbXG
706,564182250736571684,Holly,hmachinjl@cloudflare.com,s6M3vc9ggs
707,676717039553997932,Anna-diana,agoulyjm@bbb.org,ABNuXW
708,3534156716303119,Tamiko,tlauchlanjn@weibo.com,av7pzD6fDj
709,3580512814505372,Dimitry,dbeattiejo@360.cn,IRAkOPBE
710,3534878109810885,Dulcia,dhamjp@utexas.edu,XkdVX84pypj
711,3542917495976445,Trenna,tskepperjq@redcross.org,gmdfw8kQ
712,5419977771063784,Germaine,gkippinjr@blogger.com,iB0DIQsH0Nw
713,30362148636309,Isidore,iblunsumjs@diigo.com,cZJXxKsp1lC
714,5108757738960926,Gilberta,ggierardijt@drupal.org,nRxSgHv1
715,3584474820494784,Merrily,mgraysmarkju@cornell.edu,EG0SJE3R
716,0604122667342515,Beverlee,bezzyjv@wordpress.org,eIuIqo7Te
717,3581069840123307,Roanna,rarnottjw@instagram.com,Lko5o458
718,6767476986938924753,Jamill,jgroomebridgejx@parallels.com,wkW8nOMGX
719,3548125302728314,Holly,hdechelettejy@ifeng.com,boik61iAz
720,3532079885904248,Hyacinthie,hgergejz@netscape.com,2g72d0fkKuPf
721,3557376671929458,Alica,adwerryhousek0@dagondesign.com,gy1tgH
722,3542612605699033,Inga,imckinleyk1@auda.org.au,dTYoGQO8M2s2
723,3547732143845701,Merrielle,mhardikerk2@vkontakte.ru,XzVdIg
724,36602454768681,Beauregard,bswaffordk3@infoseek.co.jp,ECVCgN
725,6763234558819719,Dudley,dolivak4@ebay.com,YxPl37lcBY
726,3560139736545908,Luce,lsoutherank5@columbia.edu,ZayKHMXMjs78
727,6379658674036723,Berti,bfelipk6@webs.com,vlUAclVaodhR
728,5450304869305961,Beret,bpieterk7@prlog.org,3fw3PBB
729,3562466206041375,Lindy,lrowettk8@google.pl,ONIHarL
730,5007661589395681,Ode,oduntonk9@cnet.com,mWOQcA
731,201545687973694,Isa,iluthwoodka@blogtalkradio.com,Y3QpnuO
732,3577798686827730,Vittoria,vlynettkb@uiuc.edu,2SsoSEUg4y7l
733,374622591043590,Aile,asharmakc@csmonitor.com,VF859jA03I
734,201836220745396,Georgeta,gpeizerkd@earthlink.net,a4k9xzGi
735,3557069524932155,Victor,vbrommageke@wsj.com,uZ9n71TtV
736,6397273895756063,Elianore,ewalcotkf@washington.edu,li7tRf65Nu0
737,560223292729276615,Beauregard,bcroasdalekg@nature.com,f0NVDQ
738,3586546305478156,Larina,lrickassekh@tuttocitta.it,XmjdOVHEts
739,3582684429053862,Lurline,lrohfsenki@geocities.com,eymUJB1
740,4041591374368,Garik,gpropperskj@eventbrite.com,EIqlWg
741,63047498014443419,Eldin,emarmyonkk@pagesperso-orange.fr,lRoooiok
742,30014450592683,Berky,bmorguekl@icq.com,pklTvmM
743,6763693256345485,Danie,driddockkm@imageshack.us,t6MfaphYHAp
744,3540704057114017,Riva,rlockettkn@parallels.com,nx50hNtEmF5
745,5002350219921844,Alfredo,adedenhamko@biglobe.ne.jp,3kMUQxmi
746,201778060500368,Adria,aeschkp@smh.com.au,RTVm4lfoorB4
747,3534963399861069,Philip,pgoodgerkq@flickr.com,DwFzbBXAfl
748,3586779811495550,Goldarina,gallowaykr@godaddy.com,6qe7TCVt
749,50388388969986252,Ebonee,erossoniks@ebay.co.uk,Kwc90V9b
750,372301577037320,Ede,eacostakt@huffingtonpost.com,SGLmIa8LAG
751,3567925776037837,Ciro,chandlinku@ycombinator.com,92NwZb9Qq2M
752,560222297815418246,Malinda,mjefferskv@wired.com,luGBE0NG
753,5100170426764808,Lin,ltongkw@bigcartel.com,9Q9HBcIPEIWU
754,374283506258581,Lorne,ltartekx@forbes.com,DYVYpUyJn
755,337941331657550,Peta,pruckertky@ted.com,2ygO3h
756,3532317678051557,Midge,mstuddalkz@ow.ly,Xsy83ps4N1c2
757,4017957041046073,Marty,mnerhenyl0@dailymail.co.uk,jJNBwmRnE
758,4917097321443939,Terencio,tdufalll1@devhub.com,WqakHIj2UQPJ
759,4905198368624904,Ninnetta,nrustanl2@buzzfeed.com,rtO9Fhn
760,501872466335952201,Charley,crosel3@ycombinator.com,dCkAHXWN
761,201519907114785,Johna,jhawesl4@nytimes.com,30kSF7
762,4523638859949,Woodie,wsatterfittl5@upenn.edu,D4vsgfeA0F
763,5007664317923642,Cosmo,ccowpertwaitl6@macromedia.com,3lpZflMnY
764,560223558695263997,Guglielmo,gbriscol7@seesaa.net,WOgK6uS4c
765,5602227411675697,Correy,cwhitefordl8@elpais.com,yWfQlQ8E
766,677182171683829901,Suzette,sbaillesl9@ftc.gov,hqcWku
767,4936559995076816500,Harrie,hgillivriela@whitehouse.gov,hcSbM3kr2
768,5108758803268138,Alfie,atownsendlb@reverbnation.com,zguhltHnWqj
769,6375779334436766,Upton,udakhnolc@fastcompany.com,g8yDLEPlSv
770,3569234021757044,Sawyer,sbailesld@seesaa.net,5QNikt6oj4Ez
771,3541551355346562,Dougy,ddunstonle@google.fr,iGOgaXCOWcyc
772,3572151493120250,Kasper,kbroadberrielf@wufoo.com,LaZk2uuVIF5
773,3539244693028217,Max,mebornlg@twitpic.com,8Mo9fBsWN
774,3552722098005387,Keeley,kstrankslh@friendfeed.com,yW6WaT3bM4t
775,67714841044829524,Brigid,blorrieli@merriam-webster.com,31NQBM
776,5602253551102011,Franciskus,fjedryslj@oracle.com,yDD4ES7T
777,6304567662318763,Alvina,aperduelk@sohu.com,gKzHm4DOl
778,6304368220783782,Harvey,hpalmarll@furl.net,UvzoaVAeAxc
779,6761801032595180,Randene,rkitchingmanlm@cafepress.com,vHwOJSKJFAr
780,3548484386114945,Deena,dlampertiln@themeforest.net,21hXvC
781,201799795815954,Rockey,rbridgenslo@alexa.com,wkc1gotOPdE
782,3545538147809821,Norris,nlequesnelp@lycos.com,xePpV63JX
783,3542718118352679,Der,darnelq@usa.gov,EKpwvbdkd
784,5010127961217179,Jewelle,jrhulelr@samsung.com,5WT8YL
785,3529872397084466,Zilvia,zaleksicls@diigo.com,Umz4vHQ
786,6378932766394162,Angelia,atackleylt@answers.com,dWPij89pYjD
787,3569736725436519,Marsh,mbrookwoodlu@sogou.com,iapRd9ygWb7
788,4175008749362129,Fonzie,fwickersleylv@indiatimes.com,49jAJBQy6
789,5602221204143906,Keriann,kjarrettlw@myspace.com,7HO69302h
790,3544994368598182,Dorris,dblacklocklx@usatoday.com,LhBGMNTAxM
791,6334891174964045,Amandy,astowely@blinklist.com,XKGbmnZ
792,5002356336460673,Jillian,jridingslz@thetimes.co.uk,1STuqq6
793,30026316894335,Cami,cpiddockm0@themeforest.net,NZv5iq
794,4405178533556525,Brittne,bwilcem1@noaa.gov,4uF9ONgINVI1
795,3570094260504144,Cristiano,ccahernym2@usa.gov,kNzqEjKzUgRg
796,6759579075929375,Tobiah,tbairstowm3@bbc.co.uk,8HTCjjhw3ji
797,5641823442652788717,Delia,ddunsirem4@comcast.net,mq8c8K
798,5535933572120173,Serene,sbanishevitzm5@samsung.com,231d6RWZ7TQ
799,372301528087960,Dominick,dinglissm6@issuu.com,qEgWhbtMTt
800,3530856903407557,Teddie,tjedrzejkiewiczm7@amazon.co.jp,kf4eb3KZ9F
801,3573553959945824,Flynn,fbelverstonem8@yahoo.com,FkJKVR
802,6333543038602479332,Ashia,apeppettm9@google.com,TnD2ueDa
803,3555141900469631,Tova,tsanciasma@elegantthemes.com,CNjF1mUC
804,3558908549791030,Donavon,dfaussettmb@businessinsider.com,DkNG8GTtfY
805,6394039323453133,Camey,ccalderbankmc@biglobe.ne.jp,ieXv1ljVWyo5
806,4041371422047496,Bernie,bshakeladymd@wired.com,yUw3Rf0
807,30118012564609,Walton,wkirkamme@geocities.jp,WWNqIV8vB
808,6388921270244086,Collete,cborleasemf@is.gd,BeTbFvXb4
809,3586928811737897,Robbyn,rgascoignemg@sciencedirect.com,0XM1H5
810,5100143499976195,Cesya,crobathammh@gravatar.com,Ay560HUsMskb
811,3542075076364208,Muhammad,mhogsdenmi@ocn.ne.jp,Tzp3unEaU3W
812,4017952519375591,Faulkner,fiwanowiczmj@about.me,yVDw9F
813,4405874622357631,Jennee,jmcgrealmk@reference.com,R20idFBqM
814,56022154930836623,Colly,choultonml@unc.edu,nENctNTAh
815,3554983409259489,Ellie,eprazermm@canalblog.com,GlHDA9D3
816,30014367968208,Peggi,peaclemn@mtv.com,lTyiXQ4T
817,3588989824069536,Tadeas,tknowlmanmo@weebly.com,GBpw88
818,3553962304774637,Gerry,gcasirolimp@aboutads.info,1ST93r1q0K
819,3585798034136396,Donal,dbabbidgemq@goo.gl,mzdLsn
820,4041372091992293,Shaun,sbidgodmr@livejournal.com,bGJFamN3FNBH
821,676198674089959978,Francine,fmyersms@pcworld.com,1ILkyXIB
822,201727739157092,Bonnee,belseymt@rambler.ru,DaswgIRa
823,560222421841463733,Cosette,cedmottmu@wikispaces.com,DotcOe2
824,3576186421410320,Kristyn,kgebbemv@japanpost.jp,1NOSMQoN
825,3537760309670110,Gusty,glayburnmw@abc.net.au,KDpJIV
826,3555078873995517,Shaun,sdartanmx@indiegogo.com,eTyPMEkiru
827,3534154218530610,Biron,bquinnellmy@opensource.org,OaQRj0ra
828,3550620290394140,Heather,hashpolemz@instagram.com,CzC3DJL
829,340320203689469,Marlie,mfeehamn0@reference.com,Jfg4ySoPJHa9
830,372301361575824,Halimeda,hruffn1@umich.edu,WsyK9R9vMWx7
831,374674740078597,Vinny,vlanpheren2@nps.gov,ka3zS1hB
832,30124625745361,Jacinthe,jbaxandalln3@goodreads.com,7ywJJCENm
833,3572221571841000,Rad,rhawardenn4@china.com.cn,o3iRfIqE5R
834,3568269071487275,Ado,ahartnupn5@e-recht24.de,wWHlSLIbsfJS
835,3552588128107604,Blaire,bizenn6@washington.edu,p1qL3EXmV
836,30533765305127,Rossie,rlesleyn7@guardian.co.uk,qK1Fmg
837,3589679664987025,Broddy,btotaron8@apache.org,aQzqgPpgxsq
838,4041377660268009,Talya,tmoehlen9@cloudflare.com,thBjhfffBRCo
839,5038142744323912367,Janeen,jwoolertonna@ezinearticles.com,glUoe8i52
840,5610216562215304,Liesa,lhynamnb@patch.com,V2M70ic1
841,5100175189027665,Oswell,oisaksonnc@angelfire.com,Es4o1Ft
842,3541796156520572,Isacco,imiallnd@springer.com,2UdK4S8niZ
843,3552153623311092,Roseline,rmcclymontne@washington.edu,QNBcye7
844,3539957793777645,Daloris,drehnnf@thetimes.co.uk,lH2LRmrwfy
845,3578633542869155,Emmalynn,ebickmoreng@theglobeandmail.com,1AmQLFKiuZqM
846,3567887247269029,Tobiah,tfairmannh@wix.com,kCz31vKQaRxT
847,372301180712327,Alexandra,akennfordni@prweb.com,k8bRTdcfnF9G
848,4041377156803392,Morgana,mackhurstnj@auda.org.au,FEYqDUPwF1Gk
849,3549645251801498,Filberte,fbarthropnk@intel.com,WvVZ5Ogdzx
850,3557481927354137,Scotty,sgriefnl@163.com,ilZLNOZ9
851,3561020098337416,Kevon,kguidonm@ycombinator.com,fOg6e4u
852,3552488272612030,Marrilee,mlethbrignn@examiner.com,zriJLoxwSv
853,3544660090154285,Anabal,atucknuttno@ftc.gov,4LBRaGDQ
854,3557890744463592,Ray,rantoniasnp@dmoz.org,6Wh1JOC6
855,5527265298440597,Benedetta,bliebnq@sourceforge.net,cs20WLl21T
856,3531015089482137,Matilde,mjosowitznr@amazon.com,18tgboq
857,060429610294467595,Frannie,fbrimsonns@china.com.cn,KTBAkLS
858,3556638060668976,Ogdon,omapstonnt@senate.gov,5Bpzj3xJOvZV
859,201875821365261,Leesa,ljanotanu@issuu.com,iy7CrP
860,5641824844166946575,Felice,fscotsonnv@altervista.org,SvrFdVGPAiod
861,5602226444522827,Xavier,xblandnw@theglobeandmail.com,I9PSiei
862,5038437875316712,Sybila,swholesworthnx@webeden.co.uk,q863z1hF
863,67621448228178827,Chrissie,craecroftny@google.com,oNN268d5BE
864,4200722508331443,Sabra,sblagdonnz@hao123.com,93yEP4C
865,5641821819180673,Brock,bboutflouro0@desdev.cn,UDMGRjtXt36B
866,5610302463536087,Kimberli,kgoodrumo1@abc.net.au,Jgvgj1ootdj
867,5588815840571509,Bernete,byeskino2@kickstarter.com,qf4F9SfpB
868,201460947106871,Emmi,edaleso3@163.com,OtYbVjB8x
869,502058728336983285,Vick,vrouseo4@odnoklassniki.ru,jSD6tv
870,3534777404531065,Davin,dambrosio5@statcounter.com,d6Hf9tKtF
871,4175004871690395,Janeta,jsadlero6@acquirethisname.com,ISUBJzVPILf
872,3542666665984321,Olly,obusbyo7@ca.gov,NPlOrQMMPBJQ
873,56022520878268898,Devora,dmckelleno8@com.com,0hjWwNAcCy
874,3553908902555167,Gisella,gelcocko9@epa.gov,Q0x2piKa0
875,4756200780214,Valentia,vgribbelloa@wired.com,Qp5e0e1a7
876,63041820527161525,Luelle,lgeardob@networksolutions.com,L50EBYd7
877,3558279211512538,Dolph,dbaxstaroc@mlb.com,WYKJ9e2E
878,3536955251540904,Alix,amccloshod@hexun.com,yROSF8tBE
879,3530838434940959,Catrina,cgoldenofirelandoe@cornell.edu,KoQFksdNAHk
880,3557642402069116,Cullan,cmccoidof@engadget.com,ePe8RyxNh
881,3551902032070165,Granny,gmacariog@instagram.com,XsgTgQ
882,5488585696500909,Melisent,mgentileoh@bigcartel.com,lYbGWap99Q
883,30541900613925,Teodoro,tlandisoi@example.com,aH4263vr12A
884,201953150676705,Buiron,bpeetermannoj@prweb.com,JaKKupIJve
885,3581235741926904,Christophe,cbeddardok@nature.com,NhwBRj2
886,676710597026582422,Jedidiah,jfennickol@friendfeed.com,MSnENkhUh0AM
887,5602232799914809,Sigfried,ssneddonom@goodreads.com,WDz6W8iO
888,3589516455515054,Aubrie,awhaleyon@sakura.ne.jp,sWiwSxyQr
889,4405296401905697,Winnifred,wdedmamoo@reference.com,ePldb7dylWp
890,5543686747458106,Conny,cfisbeyop@drupal.org,VoFY5AB
891,201637590547747,Ewart,eferrarinoq@theglobeandmail.com,ztrXwmoN3jf
892,5602216831030484,Joshuah,jmcgreyor@clickbank.net,z23dvb4IfJd
893,4844620274271284,Quinlan,qnightingaleos@fc2.com,Amlbr86p
894,3586115492065752,Barnabe,bashpoleot@google.co.jp,cOqnILhbwGy
895,3555940856557186,Anallise,agregsonou@edublogs.org,cSe1VJqox3
896,3586523043208468,Venita,vbrockingtonov@bbc.co.uk,MHQIzZbUV7q
897,5554432869106249,Flss,fcarstairsow@yahoo.com,9gCdCtp
898,3539906684292214,Cammy,crabjohnsox@opensource.org,31N1bq
899,5446447862138041,Cayla,cwalshoy@blogtalkradio.com,GaRma8K1Z
900,3586266312546628,Lemuel,lmcteeroz@yahoo.co.jp,DLhOupSk1uU
901,3559281527065093,D'arcy,dbullochp0@ftc.gov,Zgo9LJ13hTIA
902,6709382326822163,Hildagarde,hmargramp1@timesonline.co.uk,gZs3G0P
903,3574757454321055,Jade,jwisamp2@noaa.gov,JDI6ZRLq
904,5382688937678604,Cosetta,cwisbeyp3@newyorker.com,tqSesZUDTrD
905,491108916747048907,Benedikta,blincep4@wordpress.com,lw4WcPQ
906,4017953541541341,Meryl,mgilliamp5@goodreads.com,pcqBcbUGL
907,4017959868155334,Em,egreenhowep6@soundcloud.com,xgkNGstx
908,30152187261915,Kandace,khanhamp7@miibeian.gov.cn,8Cjet65m
909,3588951757277007,Hugues,hlysp8@geocities.com,awkSvjZ9pFHV
910,490525984046678334,Herta,huglowp9@wp.com,MSSO5XZ
911,493671352676781255,Talbot,ttedmanpa@guardian.co.uk,auGtuPxw1
912,30587846935583,Briney,bseeneypb@oaic.gov.au,zMxS2z
913,5602210537407930,Hunfredo,hwoehlerpc@umich.edu,WQrokXH1y665
914,4917318422975433,Amil,amosspd@auda.org.au,esFVcrJeambn
915,5602221619509626,Wileen,wbaldockpe@reuters.com,wwQTPVUV9xz
916,3542019653831593,Allin,apirispf@youku.com,qQwsENS
917,4041371751507532,Lara,lvalentinettipg@digg.com,urg56yf4XbU
918,56022216526055007,Arty,aasplingph@ebay.com,cgtv7SW
919,3529175660761418,Lorin,ljoynsonpi@mashable.com,1BgixuUzmXF3
920,56104262266009458,Dorry,dheinepj@digg.com,0wgvyP
921,3551365920640186,Patton,paloshechkinpk@mozilla.com,VfTUmkjFl
922,3566419890905773,Esra,ebrazurpl@nationalgeographic.com,VwiwcZX59rZ3
923,3551087445752813,Aubrie,acrowepm@typepad.com,aTvqR5tQl
924,3583227847579206,Lennard,lhogganpn@seesaa.net,kH1t4eWY
925,3572633651768871,Verge,vbrackenburypo@moonfruit.com,nC1BMRwpwPZ
926,5602220351285916,Dorine,dstormontpp@springer.com,vksaUe
927,374283080338247,Lewie,ljowettpq@newsvine.com,9KwJAa5C8
928,30262287145098,Ramona,rlastypr@webs.com,kiTA3Vj2i
929,3544542196010613,Gaylord,gpouckps@free.fr,XML6EEyV
930,6304287117349061,Micheil,mclynept@uol.com.br,5hPXFvq
931,675992780100825807,Dex,dmallingpu@php.net,yrHkovV
932,30009499641301,Gerrilee,gstichallpv@elegantthemes.com,BSNhPPJ
933,5497361251840000,Nikaniki,nburtwellpw@salon.com,lTfIGLmMVVm
934,201888364043203,Bartholomeus,bricciardopx@marketwatch.com,bDqZdeo3Ba2X
935,5007666897847885,Larissa,lsennerpy@usatoday.com,lL7aSM
936,3531232298327314,Denna,dvialpz@sbwire.com,CKpb9YkLAzOn
937,58937123406346573,Bernetta,btillingq0@cam.ac.uk,7yZT63
938,5602218723302906,Valery,vprobbingsq1@yolasite.com,6a3qxcWow
939,5007668720037924,Katharyn,kberrisfordq2@sbwire.com,6AVr5h5Q1DOG
940,5010123212588518,Pris,pcharityq3@cnn.com,Tx3W6fE32
941,5518284446317855,Gal,gliggettq4@deliciousdays.com,aXIIfF
942,201521943961708,Allister,asturtq5@twitter.com,4GsQuc
943,5602257876779981,Curry,cwoodcockq6@smh.com.au,4mtdN93Xxlz
944,3563191489678862,Lutero,lhannabussq7@scribd.com,G2GC9OI6j
945,3576694691949398,Sephira,sendleq8@yandex.ru,7CWF4WVx
946,3582443290598442,Lemmy,lgotfreyq9@discuz.net,16qyFRNNwQ
947,201954157001830,Rozanne,rgoaleyqa@issuu.com,e1fBzLV2YjcA
948,3557268916780194,Jean,jlanchburyqb@stanford.edu,cVhld0XYZxQD
949,3568484796913113,Tomasina,toraeqc@chron.com,CZDPTRzS8HlO
950,50201652254277551,Greta,gruddockqd@imgur.com,Xc5xpqidHw
951,3557241440768878,Sara-ann,sdorkinsqe@elegantthemes.com,o4UX8EEuSb1
952,3563618610380661,Lucius,lmarxsenqf@hexun.com,J64rCUz
953,3559986161551725,Woody,wdayceqg@google.co.jp,OltaR2c
954,5108753559519289,Karin,kmckeatingqh@csmonitor.com,PmH1Q4R
955,3561990072968420,Betteanne,bcuffqi@live.com,zfCjOyqK
956,4041373071580777,Pernell,pissonqj@google.com.hk,7dzJp7E
957,493624962223869243,Gordon,gdurieqk@oracle.com,l3WMTs
958,5437848370643383,Aretha,alorneql@bloomberg.com,behz8YIZ
959,3549176397110826,Moshe,mparoniqm@fastcompany.com,3dOGTuv1QmJb
960,3561613824825900,Gerald,gpostansqn@nih.gov,4CmSWv8Fw
961,3571073204112221,Owen,oedelheitqo@epa.gov,rqGy5amV7LlB
962,3575046078848290,Arda,amckinnonqp@newsvine.com,18Cd3S
963,5159387658479356,Sully,smechemqq@psu.edu,AkvP5j
964,6706625531847331,Isidore,idempsterqr@facebook.com,46cgUiQyX
965,5100145337216460,Sisile,sautonqs@tmall.com,Q1h1C1Y3iZ
966,5893174616061117,Ealasaid,eflyeqt@cisco.com,vlFhjhecivq
967,3540891306698153,Murdock,mlittlerqu@umich.edu,i2pIFWtwMmDN
968,3546300154327141,Kristel,kmacgillaveryqv@jugem.jp,zNfYpQH
969,3543228860783815,Jessey,jburrasqw@timesonline.co.uk,adi02QxxqZn
970,5610199713679896886,Nappy,nfawksqx@census.gov,AeBdXzol0h03
971,6759551709586397048,Blane,bbergetqy@tinyurl.com,Tz7ej8ZzT7E
972,201527174159102,Fitz,flippiniqz@exblog.jp,l95nS8X
973,3588790752574392,Boycie,bquesner0@weibo.com,ksqtXUzs
974,502030684721156842,Fredra,fmyrier1@usnews.com,k6t3BYr9Agd
975,3551579809881717,Emmott,eatkirkr2@stumbleupon.com,AErDdYq8kdTP
976,4913188201610368,Ringo,rpeakr3@digg.com,Q34V7D9WHz3V
977,5038335214203665235,Harriett,hbeckerlegr4@marketwatch.com,OVADC1Ta
978,3532191883280586,Cynthie,chammersonr5@studiopress.com,wpKczkX0
979,3585476926949131,Tabby,tthorleyr6@twitter.com,0tf9wG4
980,3571121536527531,Caryl,cwartonr7@a8.net,eWWRQLp
981,3547507485963407,Gena,gbrimhamr8@usnews.com,XSRxdfDAOjUK
982,3536334957127764,Marsha,mhosbyr9@house.gov,FTrbC0yN9UTc
983,4017958043179458,Ellyn,egreenigra@pinterest.com,60BrBHRua4u
984,3544838470121153,Tresa,tdmisekrb@narod.ru,Knw7rk7yrZD
985,6397893567056185,Hayley,hkunzerc@google.it,ty48KYOQuHx8
986,4405237605719575,Wilton,wkarpychevrd@ted.com,wVhHqhWvTq
987,30127798067562,Mace,msuccamorere@reverbnation.com,fTHHClU
988,346582495507709,Donny,dblaaserf@phpbb.com,ttrEQg2W
989,5020242126350753,Dawn,dridettrg@sina.com.cn,rBkMtk
990,4917731233499510,Kaycee,ktrembathrh@answers.com,U7v23oBAaw65
991,5002353412365694,Sela,sdidballri@un.org,Ds2pFd
992,6771252710248149303,Olivia,ohackleyrj@earthlink.net,0QeTove2WW
993,346049146049374,Patin,phealesrk@free.fr,UvkJJg1bn8X
994,6331101786762842,Paddie,psodeaurl@parallels.com,N7YCRB
995,3542815056198062,Moss,mgannicleffrm@google.com.br,4yVSLXWXTbM
996,30347340838118,Opalina,ohertwellrn@si.edu,blIVzEkSID
997,6767598862934166,Isabel,iberreclothro@soup.io,O18AuFgMumE
998,6383042237002411,Jsandye,jmulvyrp@joomla.org,GCfH2LHSJ
999,5893052628009677673,Dulce,dbushbyrq@domainmarket.com,qUC42bt
1000,3550093725596954,Alanna,adebiaggirr@booking.com,jeKRqy7
